title,cleaned_description,cluster,topic
"Lok Sabha Election: Uttar Pradesh में जमकर हुई सियासी लड़ाई, अब नतीजों की बारी | Khabron Ki Khabar","Lok Sabha Election 2024: लोकसभा चुनाव 2024 का अब आखिरी चरण का प्रचार पूरा हो चुका है. शनिवार को अंतिम चरण का मतदान कराया जाएगा. इससे पहले हर तरफ चुनाव के नतीजों को लेकर कयास लगाए जा रहे हैं.भारत की हर गली और नुक्कड़ पर बैठे चुनावी चाणक्य और उनकी भविष्यवाणी हम रोज सुन रहे हैं. लेकिन, कुछ लोग और संस्थान ऐसे हैं जो डेटा और रिसर्च के बलबूते चुनाव के परिणाम बताने का दावा करते हैं. इंग्लिश में इनको सिफॉलजिस्ट (Psephologist) और हिंदी में चुनाव विश्लेषक कहा जाता है.",0,2024 चरण नत पर रह
Lok Sabha Elections 2024 के सबसे सटीक नतीजे देखिए NDTV Poll Of Polls पर | Elections 2024,,1,nan
Lok Sabha Election: हैट्रिक की तरफ़ बढ़ रहे PM Modi को कितनी टक्कर दे पाएंगे Congress के उम्मीदवार?,Lok Sabha Election 2024: लोकसभा चुनाव अपने अंतिम पड़ाव पर पंहुच रहे है.कल 7 वें चरण के लिए 8 राज्यो की 57 सीटो पर वोट पड़ने हैं। कौन मरेगा बाज़ी ?,2,election lok पड पर रह
Congress की रणनीति Mallikarjun Kharge से मिला बड़ा इशारा | Lok Sabha Election 2024,,3,nan
"Hush Money Case: Donald Trump, Porn Star Stormy Daniels और Hush Money की पूरी कहानी",Donald Trump Hush Money Case: America के पूर्व राष्ट्रपति डोनाल्ड ट्रंप (Donald Trump) को मुंह बंद रखने के लिए पोर्न स्टार को चोरी छिपे 1 लाख 30 हजार डॉलर देने से संबंधित 34 मामलों में दोषी करार दिया गया है. मैनहट्टन कोर्ट की 12 सदस्यों की जूरी ने ट्रंप को दोषी करार दिया है. उनकी सजा पर सुनवाई 11 जुलाई को होगी. इस मामले में डोनाल्ड ट्रंप (Donald Trump Convicted) को अधिकतम 4 साल जेल हो सकती है. सवाल यह है कि अब आगे क्या होगा? जानिए पूरी डिटेल्स,4,donald hush money trump मल
भगवा वस्त्र धारण कर PM Modi की तपस्या शुरू...  PMModi  | Kanyakumari | Vivekanand Rock Memorial,लोकसभा चुनाव में आखिरी चरण का चुनाव प्रचार थमने के बाद प्रधानमंत्री नरेंद्र मोदी कन्याकुमारी के विवेकानंद रॉक मेमोरियल में ध्यान कर रहे हैं। भगवा वस्त्र धारण कर पीएम मोदी की तपस्या 45 घंटे तक चलेगी 1 जून की शाम को बाहर आएंगे।,5,कर तपस भगव रण वस
"Delhi में Water Crisis दूर करने के लिए लगाए गए कई बैन, नहीं मानने पर होगा एक्शन : AAP","Delhi Water Crisis: दिल्ली की जल मंत्री आतिशी ने बताया कि शहर में पानी की समस्या को दूर करने के लिए वाटर टैंकर वार रूम बनाया जाएगा. उन्होंने बताया कि जिस भी क्षेत्र में पानी की समस्या है, तो 1916 पर फोन करें, वहां पानी का टैंकर पहुंच जाएगा.",6,crisis delhi water कर समस
Lok Sabha Election 2024: Phase 7 के पहले Viral हो रहा है Varanasi का ये वीडियो | Shorts,,7,nan
Lok Sabha Election: West Bengal में फिर चलेगा PM Modi का जादू या Mamata Banerjee करेंगी करिश्मा?,Lok Sabha Election 2024: 42 सीटों वाले पश्चिम बंगाल (West Bengal) में बीजेपी और तृणमूल कांग्रेस (TMC) ज्यादा से ज्यादा सीटें जीतने के लिए पूरा दमखम लग रही है. मोदी के चेहरे पर चुनाव लड़ रही बीजेपी के लिए सीटें बढ़ाना बड़ी चुनौती है वहीं ममता बनर्जी के लिए बड़ी चुनौती बीजेपी को रोकने के साथ-साथ लेफ्ट और कांग्रेस से भी निपटना है.,8,bengal election lok कर रह
PM Modi ने बनाया New Record भीषण गर्मी में रैलियों की बरसात | Heat Waves,,9,nan
"Lok Sabha Elections 2024 में PM Modi ने चुनाव प्रचार के दौरान 206 रैलियां, इवेंट और रोड शो किए","Lok Sabha Elections 2024: 2024 लोक सभा चुनाव के लिए पीएम मोदी के प्रचार का आज समापन हो गया है. प्रधानमंत्री नरेंद्र मोदी ने इस बार रिकॉर्ड प्रचार किया. पीएम मोदी ने 206 रैलियां, इवेंट और रोड शो किए इस दौरान उन्होंने विभिन्न चैनलों, एजेंसियों और अखबारों को 80 इंटरव्यू दिए.",10,2024 206 elections lok रच
NDTV Election Carnival: Chandigarh में किसका होगा बेड़ा पार? | Lok Sabha Election 2024,"Lok Sabha Election 2024: एक लंबा सफर तय कर पहुंच गया है एक नए शहर चंडीगढ़ में चुनावी मेला सजाने, जहां शहरी वोटर्स करेंगे अपना फैसला",11,2024 election lok sabha शहर
"Purvanchal में कौन लहराएगा परचम ? UP का 7वां चरण, 7 बड़े सवाल | NDTV Data Centre | BJP | BSP | SP","Lok Sabha Elections 2024: यूपी (Uttar Pradesh) में सातवें चरण की चुनावी जंग पूर्वांचल (Purwanchal) के रण में होनी है. सबसे Hot Seat वाराणसी (Varanasi) भी इसी चरण में है। जहां बीजेपी (BJP) के सामने जातियों के चुनावी चक्रव्यूह को तोड़ने की चुनौती है तो वहीं BSP के लिए अपने सियासी आधार को बचाए रखने की लड़ाई है. इस चरण की 13 सीटों में 5 पांच सीटें योगी आदित्यनाथ (Yogi Adityanath) के गृह जिले गोरखपुर (Gorakhpur) के आसपास की हैं जबकि 4 सीटें पीएम मोदी (PM Modi) के चुनाव क्षेत्र वाराणसी से सटी हैं. 2019 में बीजेपी गठबंधन ने 13 में से 11 सीटें जीती थीं. बाक़ी दो सीटें बीएसपी ने जीती थीं. (Aired on May 29, 2024)",12,13 2024 bjp इस चरण
"North Korea और South Korea के बीच शुरू हुआ ""गुब्बारा वॉर""! | Balloon War | NDTV India",,13,nan
Lok Sabha Election: 7वें चरण से पहले PM Modi के क्षेत्र Varanasi में कहां पहुंचा सियासी पारा ?,Lok Sabha Election: 7वें चरण के मतदान से पहले PM Modi के क्षेत्र Varanasi में सियासी पारा काफी ज्यादा बढ़ गया है. बनारस के अस्सी घाट पर काशी लोकसभा सीट को लेकर चर्चा हुई. जहां लोगों ने अपनी राय सामने रखी. चाय पर चर्चा में जनता ने खुलकर बताया कि इस बार पीएम मोदी की वापसी होगी या खुछ टक्कर देखने को मिलेगी.,14,7व कर चरण पर पहल
"Congress के मणि- चायवाला से चीन तक, पार्टी ने झाड़ा पल्ला",,15,nan
Lok Sabha Elections 2024 के सबसे सटीक नतीजे देखिए NDTV Poll Of Polls पर | Elections 2024,,16,nan
Lok Sabha Election 2024: Ravi Kishan ने चाय बनाते हुए क्या बड़ी बात कह दी | NDTV India,Gorakhpur Lok Sabha Seat: गोरखपुर से सांसद रवि किशन ने NDTV से चुनावी चर्चा करते हुए गोरखपुर के चुनावी मुद्दे समझा दिये। साथ ही रवि किशन ने पाकिस्तान पर बड़ी बात कह दी।,17,lok ndtv रखप रव शन
"Mani shankar Aiyar के बयान पर BJP हमलावर, कहा- ये कांग्रेस की सोच",Mani Shankar Aiyar BREAKING NEWS: पूर्व केंद्रीय मंत्री और कांग्रेस नेता मणिशंकर अय्यर विवादित बयानों को लेकर चर्चा में बने रहते हैं. एक बार फिर उन्होंने 1962 में चीन आक्रमण पर एक विवादित बयान दिया है जिसको लेकर बवाल मचा हुआ है. वहीं बीजेपी इसे लेकर कांग्रेस पर हमलावर है. बीजेपी नेता दुष्यंत गौतम ने इसपर कहा कि ये कांग्रेस की सोच है.,18,कर कह पर बय वर
"Amit Shah Exclusive Interview: ""POK भारत का हिस्सा है, इसमें कोई शंका नहीं- अमित शाह""","Amit Shah Exclusive Interview: केंद्रीय गृहमंत्री अमित शाह (Amit Shah) ने लोकसभा चुनाव (Lok Sabha Election) के बीच में देश के तमाम बड़े मुद्दों और भारतीय जनता पार्टी (BJP) पार्टी के भविष्य की योजनाओं को लेकर NDTV के एडिटर इन-चीफ संजय पुगलिया (Sanjay Pugalia) से EXCLUSIVE बातचीत की. NDTV से अमित शाह ने कहा, हमने जो कहा था वो किया ... 370 हटाई, राम मंदिर बनाया... हमारा कमिटमेंट था वो हमने पूरा किया, पीओके भी कमिटमेंट है देखें पूरा इंटरव्यू :",19,amit exclusive shah अम हमन
Madhya Pradesh के छिंदवाड़ा में सो रहे परिवार के आठ लोगों को कुल्हाड़ी से काट डाला,,20,nan
Bangladeshi MP Murder: सांसद बनते ही अनवारुल पर सोना तस्करी का आरोप | NDTV India,"Bangladeshi MP Murder: बांग्लादेश के एक सांसद का पहले कोलकाता मे लापता होना और फिर उनका कत्ल हो जाना, इस सनसनीखेज खबर से कोलकाता से ढाका तक हंगामा मच गया। सवाल उठा कि एक सांसद का इतनी बेरहमी से कत्ल क्यों हुआ। जब जांच में साजिश के तार जुड़ने लगे तो पता चला कि इसके पीछे सोने की तस्करी का बहुत बडा काला धंधा और उस धंधे से जुड़ा एक नेटवर्क काम कर रहा था।",21,bangladeshi mp एक कर सद
"Himachal Pradesh के Hamirpur में बड़े नेताओं का जुड़ाव, फिर भी तरक्की में पीछे? |Lok Sabha Elections","Lok Sabha Election 2024: 9,775 किमी का फ़ासला तय कर हिमाचल के हमीरपुर में NDTV इलेक्शन कार्निवाल, हमीरपुर लोकसभा की 4 सीटें,6 विधानसभा सीट पर उपचुनाव अनुराग ठाकुर के मुक़ाबले कांग्रेस के सतपाल रायज़ादा, क्या 4 बार के सांसद अनुराग ठाकुर को रोक पाएगी कांग्रेस?",22,lok sabha अन रप हम
"Elections 2024: ""मौत का सौदागर, गंदी नाली का कीड़ा..."", PM Modi ने बताया कैसे बने 'गाली प्रूफ'",,23,nan
Rajkot Game Zone Fire: कांग्रेस कार्यकर्ताओं ने पीड़ितों को अर्पित की श्रद्धांजलि,"Rajkot Game Zone Fire: गुजरात (Gujarat) के राजकोट में गेम जोन (Rajkot Game Zone) हादसे ने लोगों के दिलों को दहला कर रख दिया था. इस मामले में जांच जारी है. वहीं इस भीषण हादसे में जान गंवाने वालों को याद कर कांग्रेस कार्यकर्ता (Congress Workers) सड़कों पर उतर आए और मृतकों को श्रद्धांजलि अर्पित की. गुजरात के अमरेली (Amreli, Gujarat) में कांग्रेस कार्यकर्ताओं ने सोमवार को राजकोट गेम जोन अग्निकांड में जान गंवाने वालों को याद किया. कांग्रेस कार्यकर्ताओं ने हाथों में मोबाइल फ्लैश (Mobile Flash) चालू कर मौन रखा और पीड़ितों की याद में मोमबत्तियां जलाईं..",24,game rajkot zone जल यकर
"Lok Sabha Election 2024: EVM का इस्तेमाल करने वाला पहला देश भारत, कुछ देशों ने पीछे खींचा हाथ",,25,nan
Lok Sabha Election: Jammu Kashmir में रिकॉर्ड वोटिंग के लिए PM Modi को कहा धन्यवाद,"Jammu Kashmir के श्रीनगर (Srinagar) और बारामूला (Baramula) में रिकॉर्ड वोटिंग प्रतिशत के बाद, अनंतनाग-राजौरी (Anantnag-Rajouri) लोकसभा सीट ने भी शनिवार को छठे दौर के बाद वोटिंग प्रतिशत का रिकॉर्ड (Record Voting Percentage) बनाया, जहां 53 फीसदी वोटरों ने अपने वोट का प्रयोग किया, जो 40 वर्षों में सबसे ज्यादा है।",26,40 jammu kashmir रत शत
Rajasthan: मुस्लिम OBC जातियों के आरक्षण पर खतरा ? Government ले सकती है बड़ा फैसला,Rajasthan: जयपुर मुस्लिम आरक्षण को लेकर देशभर में राजनीतिक बहस के बीच राजस्थान सरकार (Rajasthan Government) चार जून के बाद फैसला ले सकती है । अगर ऐसा हुआ तो राजस्थान में मुस्लिम समाज (Muslim Society) की चौदह जातियों का OBC आरक्षण खतरे में सकता है । इस मुद्दे पर congress नेताओं के बयान के बाद सियासत तेज हो गई है । कोलकाता हाई कोर्ट (Kolkata High Court) के आदेश का असर राजस्थान में दिखाई दे रहा है । भजनलाल (Bhajanlal Sharma) सरकार OBC में शामिल चौदह मुस्लिम जातियों की समीक्षा करवाने जा रही है ।,27,obc rajasthan जस षण सकत
NDTV Battleground में Mallikarjun Kharge पर क्या बोली वरिष्ठ पत्रकार नीरजा चौधरी |Lok Sabha Election,Lok Sabha Elections 2024: नीरजा चौधरी ने बताया कि बीजेपी की ताकत है नेतृत्व और संगठन वहीं उन्होंने कहा कि हालांकि अगर विपक्ष की तरफ से मल्लिकार्जुन खरगे को पीएम पद के उम्मीदवार के तौर पर उतारा जाता तो हालात कुछ और हो सकते थे. नीरजा चौधरी के तर्क को संदीप शास्त्री ने काउंटर करते हुए कहा कि यह बीजेपी के पक्ष में जा सकता था. विपक्ष और कांग्रेस अगर कहीं चूक रही है तो वो है साझा रणनीति का अभाव और एक साथ चुनाव प्रचार नहीं करना.,28,कह धर पक रज सकत
NDTV Battleground | BJP के बन रहे हैं कई नए किले: प्रोफेसर संजय कुमार | Lok Sabha Election 2024,Lok Sabha Elections 2024: CSDS के प्रोफेसर संजय कुमार ने कहा कि क्रिकेट में कई बार देखने को मिलता है कि शुरुआती बल्लेबाज अच्छा प्रदर्शन नहीं करते हैं. वहीं बाद के बल्लेबाज काफी अच्छा प्रदर्शन करते हैं. कुछ ऐसे राज्य हैं जहां 2014 और 2019 में बीजेपी ने शानदार प्रदर्शन किया था लेकिन इस बार के चुनाव में बीजेपी प्रदर्शन खराब दिख रहा है. लेकिन कुछ नए किले बीजेपी इस चुनाव में भेद रही है. छठे और सांतवे नंबर के बल्लेबाज अच्छा प्रदर्शन कर रहे हैं. कुछ नए राज्यों में बीजेपी मजबूत हो रही है. यही कारण है कि देश भर में कोई लहर नहीं दिख रहा है.,29,नए बल रदर रह शन
Lok Sabha Election 2024:Tejashwi Yadav का PM Modi पर पलटवार,Lok Sabha Election 2024: बिहार(Biahr) के भोजपुर(Bhojpur) में तेजस्वी यादव(Tejashwi Yadav) ने जनसभा को संबोधित करते हुए PM मोदी(PM Modi) पर निशाना साधा. उन्होंने दावा किया की 4 जून को I.N.D.I.A गठबंधन की सरर्कर बन रही है.,30,2024 election lok modi pm
"Hardik-Natasa Divorce: Divorce नहीं, ये सब है PR Strategy?",Hardik-Natasa Divorce: पूनम पांडे की मौत की तरह Hardik Pandya और Natasa का तलाक भी है PR Strategy?,31,divorce hardik natasa pr strategy
Lok Sabha Chunav: जब Banaras में Manoj Tiwari को मिल गयी उनकी जबरा फैन | Election 2024,,32,nan
Mandi Lok Sabha Seat पर Vikramaditya Singh बनाम Kangana Ranaut? कौन जीतेगा ये हाई प्रोफाइल मुकाबला?,"Mandi Lok Sabha Seat: एनडीटीवी का इलेक्शन कार्निवल 9,700 किलोमीटर की दूरी तय कर मंडी पहुंचा है. मंडी में भाजपा और कांग्रेस का सीधा मुकाबला है. इस सीट पर Congress से Vikramaditya Singh लड़ रहे हैं और वहीं भाजपा से Kangana Ranaut इस बार मैदान में हैं. अब सवाल ये उठता है कि क्या Himachal Pradesh के Mandi में BJP लगा पाएगी जीत की हैट्रिक?",33,kangana lok mandi seat पर
Lok Sabha Election 2024: दिल्ली से हावड़ा के बीच युवाओं ने बताए इसबार के चुनावी मुद्दे,"Lok Sabha Election 2024: दिल्ली से हावड़ा के बीच चुनाव पर लोगों से बातचीत, लोक सभा चुनाव के चलते NDTV की टीम ने आम जनता से ट्रेन में चुनावी चर्चा कर लोगों से उनके मुद्दे और पसंदीदा नेता के बारे में जाना, देखिये इस चुनावी सफर में",34,2024 election lok sabha वड़
"Lok Sabha Election 2024: Karakat में Asaduddin Owaisi ने PM Modi, Lalu, Tejashwi Yadav पर बोला हमला","Lok Sabha Election 2024: Karakat में Asaduddin Owaisi ने PM Modi, Lalu, Tejashwi Yadav पर बोला हमला ऑल इंडिया मजलिस-ए-इत्तेहादुल मुस्लिमीन (एआईएमआईएम) प्रमुख असदुद्दीन ओवैसी ने शनिवार को प्रधानमंत्री नरेन्द्र मोदी के मंगलसूत्र और आरक्षण के संबंध में की गयी टिप्पणी को लेकर उन पर मुसलमानों का ‘‘अपमान’’ करने का आरोप लगाया। बिहार के काराकाट लोकसभा क्षेत्र में एक चुनावी रैली को संबोधित करते हुए ओवैसी ने कहा, ‘‘दिल्ली में अगर जरूरत पड़ेगी भारत की जनता ऐसा फैसला देगी कि तीसरी बार देश का प्रधानमंत्री नरेन्द्र मोदी न बनें। मैं आपसे वादा करता हूं कि एआईएमआईएम पार्टी यकीनन कोशिश करके किसी ऐसे व्यक्ति को देश का प्रधानमंत्री बनाएगी जिसका संबंध भाजपा और मोदी से न हो।’’ ओवैसी ने कहा, ‘‘काराकाट को कालीन व्यवसाय के लिए जाना जाता है। लेकिन यहां के युवाओं को यह याद रखना चाहिए कि कालीन बुनना ठीक है, लेकिन उन लोगों के लिए इसे बिछाते रहना नहीं जो सत्ता के लिए आपको इस्तेमाल करना चाहते हैं।’’",35,एआईएमआईएम ओव नम पर रध
"Rajnath Singh NDTV Exclusive : ""400 पार सिर्फ एक नारा नहीं, बल्कि..."": रक्षा मंत्री राजनाथ सिंह","Rajnath Singh NDTV Exclusive Interview: NDTV से खास बातचीत करते हुए रक्षा मंत्री राजनाथ सिंह ने भरोसा जताया है कि इस बार लोकसभा चुनाव में बीजेपी और उसके सहयोगी दल 400 से ज्यादा सीटें जीतेंगे. PM मोदी के साथ-साथ बीजेपी के अन्य नेता भी इस चुनाव में 400 सीटें को लेकर दावा कर रहे हैं. राजनाथ सिंह ने एक विशेष साक्षात्कार में एनडीटीवी को बताया, ""400 पार (400 पार करना) सिर्फ हमारा अभियान का नारा नहीं था, बल्कि हमारा संकल्प था. छह चरणों के बाद, हम उस संख्या को पार करने के लिए बहुत आश्वस्त हैं.""",36,400 ndtv करन जन हम
Uttar Pradesh के Mirzapur में PM Modi और CM Yogi का जनता को संबोधन | NDTV India,PM Modi LIVE: Uttar Pradesh के Mirzapur में PM Modi और CM Yogi का जनता को संबोधन | NDTV India Live TV,37,cm india live modi pm
"Lok Sabha Election 2024 Phase 6 Voting: जानें किस राज्य में कितना हुआ मतदान, किसका चला दांव?",Lok Sabha Election 2024 Phase 6 Voting: लोकसभा चुनाव के छठे दौर के लिए आज वोटिंग खत्म हो गई. सात राज्यों और 1 केंद्रशासित प्रदेश की 58 सीटों पर मतदान हुआ. इस दौर के साथ ही 543 लोकसभा सीटों के 487 सीटों पर मतदान खत्म हो चुका है. छठे चरण में 5 बजे तक 57.7 प्रतिशत वोट पड़े. आख़िरी और सातवां दौर- एक जून को होगा जिसमें 57 सीटों पर मतदान होगा. आज कहां कितनी हुई वोटिंग और इसके मायने क्या है? |,38,2024 छठ तन पर मतद
Lok Sabha Election 2024: Varanasi में Priyanka Gandhi-Dimple Yadav का Road Show | SP | Congress,,39,nan
Lok Sabha Election 2024 Phase 6 Voting LIVE Updates: दोपहर 3 बजे तक 49.2 प्रतिशत मतदान,"Lok Sabha Election 2024 Phase 6 Voting: लोकसभा चुनाव के छठे चरण के तहत उत्तर प्रदेश, पश्चिम बंगाल, बिहार, झारखंड, हरियाणा, दिल्ली, ओडिशा और जम्मू एवं कश्मीर सहित देश के 8 राज्यों एवं केंद्र शासित प्रदेशों की 58 लोकसभा सीटों पर शनिवार को मतदान जारी है. दोपहर 3 बजे तक इन सभी लोकसभा सीटों पर 49.2 प्रतिशत मतदाता अपने मताधिकार का प्रयोग कर चुके हैं.",40,2024 कसभ पहर बज मतद
PM Modi In Bihar: चुनाव के बीच मोदी की  Bihar के Karakat में रैली  | Lok Sabha Election 2024,"PM Modi In Bihar: Lok Sabha Election के चलते आज PM Modi ने बिहार के Karakat में एक रैली की जहाँ पर उन्होंने विपक्ष पर जमकर निशाना साधा, देखिये पूरा भाषण",41,bihar election modi pm sabha
Lok Sabha Election Phase 6: Kamaljeet Sehrawat और राजनीति पर क्या बोले Mahabal Mishra? | BJP | AAP,,42,nan
PM Modi EXCLUSIVE Interview On NDTV: पसमांदा मुसलमानों को शिक्षा मिलनी चाहिए- पीएम मोदी,PM Modi EXCLUSIVE Interview On NDTV: प्रधानमंत्री नरेंद्र मोदी (PM Narendra Modi) ने शुक्रवार को NDTV के साथ एक्सक्लूसिव इंटरव्यू में पसमांदा मुसलमानों का जिक्र किया. उन्होंने कहा कि उनके साथ अगड़ों ने धोखा किया है. उनको शिक्षा मिलनी चाहिए और उनको समाज में आगे आना चाहिए.,43,exclusive modi ndtv pm उनक
Saayoni Ghosh और Kunal Vijayakar के साथ देखिए Kolkata में क्या है चुनाव का माहौल? | NDTV Poll Curry,Lok Sabha Election 2024: इस हफ्ते NDTV Poll Curry पर हम आपको ले आए हैं कोलकाता एक जायकेदार सफर पर. जहां हमारे साथ हैं Actress और Politician Sayoni Ghosh. जिन्होंने अपने हाथों से बनाए ‘मोमोज’ और Kunal Vijayakar के साथ की ढेर सारी बातचीत.,44,kunal ndtv poll vijayakar पर
"Prashant Kishor की भविष्यवाणी पर Rajasthan में बढ़ा पारा, Ashok Gehlot ने दी तीखी प्रतिक्रिया",,45,nan
Himachal के Chamba की खूबसूरती को PM Modi ने कैमरे में किया कैद । Video Viral,,46,nan
"Election Commission को 48 घंटे में Voting Data देने पर फिलहाल राहत, SC में क्या हुआ | Voters",Lok Sabha Election 2024: सुप्रीम कोर्ट(Supreme Court) ने चुनाव आयोग से फाइनल वोटिंग परसेंटेज में हुई बढ़ोतरी को लेकर जवाब मांगा है। एसोसिएशन फॉर डेमोक्रेटिक रिफॉर्म्स (ADR) ने सुप्रीम कोर्ट में एक याचिका दायर की थी और इस पर सुनवाई हुई। ADR ने अपनी याचिका में आशंका जताई कि ईवीएम मशीनों को रिप्लेस किया जा सकता है ताकि फाइनल वोटिंग परसेंटेज बढ़ाया जाए।,47,adr election इनल परस बढ
Kartik Aaryan को ‘Chandu Champion’ के लिए क्यों बदलने पड़े लुक्स,हाल ही में रिलीज हुए ‘Chandu Champion’ के ट्रेलर ने सबको हिला दिया है। जी हां बिल्कुल सही सुना आपने रिलीज़ हुए ट्रेलर में Kartik के कई अवतार नजर आए। सिर्फ यही नहीं इस किरदार को निभाने के लिए एक्टर को 6 अलग-अलग लुक भी लेने पड़े।,48,champion chandu kartik अलग लर
Share Market को लेकर क्या सच हो रही है PM Modi की भविष्यवाणी! | Stock Market | Sensex | Nifty,,49,nan
Iran President Raisi Death: हूती-हमास-हिजबुल्लाह जैसे संगठनों को शह देने के पीछे ईरानी कूटनीति का सच,"Iran President Raisi Death: ईरान के राष्ट्रपति इब्राहिम रईसी के जनाजे में शामिल होने के लिए दुनिया के तमाम देशों के राष्ट्राध्यक्ष तक पहुंचे. ये ईरान की वैश्विक ताकत को दिखाता है लेकिन वहीं कई विद्रोही संगठनों के सरगना भी पहुंचे. वहां फिलीस्तीन के हमास, लेबनान के हिजबुल्लाह से लेकर हूती जैसे संगठनों के सरगना पहुंचे थे. हमास के प्रमुख इस्माइल हानिए से तो ईरान के सबसे बड़े नेता अयातुल्लाह खामनेई ने भी मुलाकात की.",50,ईर गठन जब पह हम
NDTV Battleground: विदेश मंत्री S Jaishankar ने बताया 10 साल में कैसे बदली लोगों की जिंदगी?,"| विदेश मंत्री एस जयशंकर (S Jaishankar) ने कहा, ""मोदी सरकार (Modi Government) के 10 साल का रिकॉर्ड उनके लिए बहुत मायने रखता है. लोगों को लगता है कि पिछले 10 साल में लोगों की जिंदगी बदली है. युवा वोटर्स के मन में भी ये बात है कि मोदी सरकार एक ऐसी सरकार है, जिसके कारण देश में एक आशा, एक उम्मीद जगी है. उन्हें लगता है कि भविष्य में बहुत सारी अच्छी चीजें हो सकती हैं."" देखें",51,10 jaishankar एक लगत सरक
Tejashwi Yadav Viral Video: युवाओं को नौकरी देने के वादे के साथ तेजस्वी ने BJP पर कर दी भविष्यवाणी,,52,nan
NDTV Election Carnival: इसलिए रीज़ मैदान से हुआ इलेक्शन कार्निवल | Himachal Pradesh,,53,nan
Bigg Boss OTT 3 को लेकर बड़ी अपडेट,"'बिग बॉस ओटीटी' के नए सीजन 3 का इंतजार करने वालों के लिए एक खुशखबरी है। आखिरकार 'बिग बॉस ओटीटी 3' को लेकर नया अपडेट सामने आया है। इस शो के अपकमिंग सीजन का पहला प्रोमो रिलीज हो चुका है, जिससे देख आपकी एक्साइटमेंट और भी ज्यादा बढ़ाने वाली है",54,अपड एक ओट कर जन
Delhi News: Arvind Kejriwal ने PM Modi को दिया संदेश | माता-पिता से पूछताछ को लेकर कह दी ये बड़ी बात,Delhi News: Arvind Kejriwal ने दिया PM मोदी को संदेश जारी किया है। अपने संदेश में केजरीवाल ने कहा कि आज मैं पीएम मोदी को एक संदेश देना चाहता हूं। आपने मुझे झुकाने और तोड़ने की काफी कोशिशें की। आपने मेरे विधायकों को तोड़ने की कोशिश की लेकिन नहीं कर पाए। आपने मेरे मंत्रियों को गिरफ्तार किया लेकिन आप मुझे नहीं झुका पाए। फिर आपने मझे गिरफ्तार कर जेल में काफी प्रताड़ित किया।,55,arvind delhi kejriwal आपन कर
Sambalpur Lok Sabha Seat: जानें क्या है संबलपुर की जनता का मूड? | NDTV India,"Lok Sabha Election 2024: वर्ष 2019 के लोकसभा चुनाव में संबलपुर लोकसभा सीट पर कुल 1468530 मतदाता थे, जिन्होंने BJP प्रत्याशी नितेश गंगा देब को 473770 वोट देकर जिताया था. उधर, BJD उम्मीदवार नलिनी कांता प्रधान को 464608 वोट हासिल हो सके थे, और वह 9162 वोटों से हार गए थे.",56,1468530 lok sabha कसभ बलप
अब हर तरफ़ से सपा को समर्थन मिल रहा : Akhilesh Yadav,राजा भैया के गढ़ प्रतापगढ़ में अखिलेश यादव ने राजा के अघोषित समर्थन पर कहा कि अब हर तरफ़ से सपा को समर्थन मिल रहा है। जो थोड़े नाराज़ थे अब वो भी हमें समर्थन देने आ गये हैं।,57,अब थन रह सप समर
"Lok Sabha Election: दक्षिणी दिल्ली में BJP लगा रही जोर, क्या हो पाएगी जीत की हैट्रिक ?","Lok Sabha Election: दक्षिणी दिल्ली (South Delhi) में BJP जोर शोर से प्रचार-प्रसार कर रही है. बीजेपी ने इस बार रामवीर सिंह बिधूड़ी (Ramveer Singh Bidhuri) को उम्मीदवार बनाया है. बीजेपी विकास कार्यों पर वोट मांग रही है. वहीं आम आदमी पार्टी (AAP) को स्वाति मालीवाल (Swati Maliwal) के मुद्दे पर घेर रही है. आप उम्मीदवार सहीराम पहलवान (Sahiram Pehalwan) का दावा है इस बार वो बीजेपी को धोबी पछाड़ देने वाले हैं. मगर पिछली बार सहीराम को करारी हार मिली थी, क्या इस बार वो बदला ले पाएंगे.",58,इस उम दव पर रह
Lok Sabha Election 2024: बेरोजगारी पर क्या है PM Modi का प्लान? जानिए विश्लेषकों की राय,PM Modi Interview: NDTV India लेकर आया है PM मोदी का व्यापक Interview इस Interview में NDTV Network के Editor in Chief संजय पुगलिया ने बात की प्रधानमंत्री नरेंद्र मोदी से उनसे राजनीति पर अर्थनीति पर और कूटनीति पर बातचीत हुई है.,59,interview modi ndtv pm पर
"PM Modi ने Rahul की कौन-सी बात का किया ज़िक्र? कहा- ""कांग्रेस के शहजादे ने बड़ा सच कबूल किया है""","Lok Sabha Election 2024: राहुल गांधी (Rahul Gandhi) ने हाल ही में कहा था, वह जानते हैं कि किसी समाज को संचालित करने की प्रणाली कैसे काम करती है. साथ ही उन्होंने इस व्यवस्था में दलितों और पिछड़ों पर भी बात की थी. जिसको लेकर अब पीएम मोदी (PM Modi) ने उन पर निशाना साधा. उन्होंने कहा, 'कांग्रेस के शहजादे (राहुल गांधी) ने 'कबूल' किया कि पूर्व प्रधानमंत्रियों इंदिरा गांधी और राजीव गांधी के समय बनाई गई व्यवस्था दलितों और पिछड़े वर्गों के खिलाफ थी.'",60,उन कह छड पर शहज
Swati Maliwal Case: Arvind Kejriwal के माता-पिता और पत्नी से आज Delhi Police करेगी पूछताछ | NDTV,"Swati Maliwal Case Update: स्वाति मालीवाल केस में आज दिल्ली के मुख्यमंत्री अरविंद केजरीवाल (Arvind Kejriwal) के माता-पिता से दिल्ली पुलिस (Delhi Police) पूछताछ करने वाली है, जानकारी के मुताबिक सीएम के माता-पिता ने आज सुबह साढ़े ग्यारह बजे के लिए पुलिस को पूछताछ करने के लिए वक़्त दिया है. दरअसल पूछताछ के पीछे का कारण ये बताया जा रहा है कि जिस समय ये घटना घटी सीएम केजरीवाल के माता-पिता घर में ही मौजूद थे. पुलिस इस मामले में घटना के वक़्त घर में मौजूद सभी लोगों के बयान दर्ज करना चाहती है",61,arvind आज करन छत वक
MP में Nursing College Scam में भ्रष्टाचार को लेकर बर्खास्त होने वाले CBI आधिकारी की कुंडली,"MP Nursing College Scam: मध्य प्रदेश (Madhya Pradesh) में नर्सिंग कॉलेज घोटाला (Nursing College Scam) बहुत डराने वाला है. लेकिन उससे ज्यादा डराने वाला मामला जांच अधिकारियो का ही भीषण भ्रष्टाचार में लिप्त होना है. जिन्हें नर्सिंग कॉलेज घोटाले (Nursing College Scam) की जांच करनी थी, भ्रष्टाचारियों को कानून के सामने लाना था, वो खुद घूस लेते पकडे गए। इसी चक्कर में सीबीआई (CBI) का इंस्पेक्टर राहुल राज घूस लेते रंगे हाथ पकड़े जाने के बाद. गिरफ्तार भी हुआ और बर्खास्त भी कर दिया गया. Watch full video:",62,college nursing scam कर रष
Lok Sabha Elections 2024: सरकार बनी तो Agniveer Yojana खत्म - राहुल गांधी,,63,nan
"North Block Bomb Threat के बाद अलर्ट पर सुरक्षा एजेंसियां, Home Ministry को आया था धमकी भरा E-Mail","North Block Bomb Threat के बाद अलर्ट पर सुरक्षा एजेंसियां, Home Ministry को आया था धमकी भरा E-Mail",64,block bomb home mail ministry
Pune Porsche Accident: पुणे में हुए हादसे को लेकर Rahul Gandhi ने ये क्या कह दिया | Shorts,"Haryana: कांग्रेस सांसद राहुल गांधी ने कहा, ""पुणे में 17 साल का बच्चा शराब पीकर पोर्श गाड़ी चलाता है, 2 लोगों को मार देता है और उससे कहा जाता है कि निबंध लिखो। अगर वह निबंध लिखेगा तो बस ड्राइवर, ट्रक ड्राइवर, टेम्पो ड्राइवर से भी निबंध लिखाओ...""",65,17 इवर कर कह वह
Bermuda Triangle का रहस्य जानिए जो निगल गया सैकड़ों Plan | Devil's Triangle | Columbus |,Bermuda Triangle History: अटलाटिंक महासागर में करीब पांच लाख स्क्वायर किलोमीटर का एक ऐसा इलाका है. जो फ्लोरिडा के पास से शुरू होकर प्यूटोरिको और बरमूडा द्वीप तक जाता है. ऐसे में ये समुद्र के अंदर एक काल्पनिक सा ट्रायंगल क्रिएट करता है. इसी पूरे इलाके को हम बरमूडा ट्रायंगल के नाम से जानते हैं.,66,bermuda triangle इल गल बरम
Lok Sabha Election 2024: दिल्ली के पोस्टर वॉर का हिस्सा रहे ऑटो वाले इस चुनाव में कहां है?,Lok Sabha Election 2024: दक्षिणी दिल्ली में बीजेपी ने रमेशा बिधूड़ी का टिकट काट कर रामवीर सिंह बिधूड़ी को उतारा है। जबकि इंडिया गठबंधन से सहीराम पहलवान चुनावी मैदान में है।,67,2024 election lok sabha रम
Lok Sabha Election 2024: BJP ने Pawan Singh को पार्टी से निकाला | क्या है कारण | Bihar | Top News,Lok Sabha Election 2024: देश में चल रहे चुनावी सरगर्मी के बीच भोजपुरी सुपरस्टार Pawan Singh पर BJP ने बड़ी कार्रवाई की है। Bihar भाजपा अध्यक्ष Samrat Chaudhary के आदेश से पवन सिंह को पार्टी से निष्कासित कर दिया गया है। कारण - पार्टी का कहना है कि पवन सिंह अनुशासनहीनता और दल विरोधी गतिविधियों में शामिल हैं जिसके चलते उन पर कार्रवाई की गई है। पवन सिंह काराकाट संसदीय सीट से निर्दलीय चुनाव लड़ रहे हैं और इसी सीट से एनडीए समर्थित उपेंद्र कुशवाहा भी चुनावी मैदान में हैं। बताया जा रहा है कि पवन सिंह ने पार्टी की बात नहीं मानी थी जिसके चलते ही ये कार्रवाई की गई।,68,चलत पर पवन रव रह
Latest News Live:  सुबह की बड़ी खबरें |  PM Modi Rally | Rahul Gandhi | Lok Sabha Election 2024,Latest News Live: सुबह की बड़ी खबरें | PM Modi Rally | Rahul Gandhi | Lok Sabha Election 2024,69,2024 election gandhi latest live
Haryana Politics | हरियाणा में BJP कहां पर कितने वोटों से जीती थी | Lok Sabha Elecitons 2019,Lok Sabha Elections 2024: लोकसभा चुनावों का दंगल छठे दौर में पहुंच रहा है और दंगल शब्द का ज़िक्र हो और तो खुद ब खुद हरियाणा ज़हन में आ जाता है और चुनावों के लिहाज़ से हरियाणा बेलवेदर स्टेट कहलाता है क्योंकि 1999 से हरियाणा जीतने वाली पार्टी केंद्र की सत्ता में काबिज़ होती है। 2019 में बीजेपी ने इन सभी 10 सीटों पर जीत दर्ज की थी. इस बार चुनावों से ठीक पहले बीजेपी ने एमएल खट्टर को हटाकर नायब सिंह सैनी को मुख्यमंत्री बनाने के साथ ही दुष्यंत चौटाला से गठबंधन भी तोड़ लिया.,70,lok तन दर पर हर
Prashant Kishor: BJP नेतृत्व वाली सरकार का चुनाव में प्रदर्शन कैसा रहेगा? | Khabron Ki Khabar,"Prashant Kishor NDTV Exclusive Interview: भारतीय राजनीतिक रणनीतिकार प्रशांत किशोर ने NDTV के एडिटर-इन-चीफ संजय पुगलिया (Sanjay Pugalia) को एक्सक्लूसिव इंटरव्यू दिया. इस दौरान उन्होंने कहा कि चार जून को चुनाव का नतीजा क्या होगा ये तो भविष्य ही बताएगा. हालांकि उनको लगता है कि NDA सराकर की वापसी होने जा रही है. प्रशांत किशोर ने कहा, ""ऐसा लगता है कि पीएम मोदी 4 जून को 2019 की तरह ही या उससे थोड़ा बेहतर आंकड़ों के साथ सत्ता में लौटेंगे."" देखें NDTV के साथ प्रशांत किशोर की Exclusive बातचीज.",71,exclusive ndtv कह रश लगत
Chapra Saran Violence: Bihar के Chapra में कल के विवाद ने आज फिर लिया हिंसक रूप,Chapra Firing News: सारण में कल हुई हिंसा में एक व्यक्ति की मौत हो गई जबकि दो लोग घायल हुए थे. सारण से आरजेडी उम्मीदवार और आरजेडी नेता रोहिणी आचार्य (Rohini Yadav) घायलों से मिलने पहुंची. हिंसा के बाद पूरे इलाक़े को पुलिस छावनी में तब्दील कर दिया गया है.,72,chapra आरज कल यल रण
Mallikarjun Kharge NDTV Interview: Mamta Banerjee और Nitish Kumar की INDIA Alliance में होगी वापसी ?,Mallikarjun Kharge NDTV Interview: कांग्रेस अध्यक्ष मल्लिकार्जुन खरगे ने NDTV से ख़ास बातचीत में कहा कि इस चुनाव में I.N.D.I.A. गठबंधन बहुत आगे है. उन्होंने कहा कि बेरोज़गारी से बड़ी संख्या में युवा परेशान हैं. साथ ही उन्होंने कहा की इकनोमिक बैकवर्ड लोगों को आरक्षण मिलना चाहिए। खरगे ने मुसलमानों में जो गरीब हैं उनके लिए भी न्याय मिलने की बात कही. उनसे ये भी पूछा गया कि क्या ममता बनर्जी (Mamta Banerjee) और नीतीश कुमार (Nitish Kumar) की INDIA Alliance में फिर वापसी हो पाएगी. इस बात का भी उन्होंने जवाब दिया. Watch Full Interview:,73,interview ndtv उन कह पस
Gurugram Lok Sabha Seat: मौजूदा सांसद Rao Inderjit Singh को Congress के Raj Babbar दे रहे टक्कर,Lok Sabha Election 2024: गुरुग्राम में चुनाव नज़दीक आ गए हैं …यहाँ बीजेपी कांग्रेस में मुख्य मुक़ाबला है ..मौजूदा सांसद राव इंद्रजीत को कांग्रेस के राज बब्बर टक्कर दे रहे हैं। अदिति राजपूत ने गुरुग्राम के सदर बाज़ार जाकर जाना कि इस चुनाव में लोगों के मुद्दे क्या हैं।,74,lok sabha कर टक रह
PM Modi LIVE | Uttar Pradesh के Prayagraj में पीएम मोदी की जनसभा LIVE | NDTV India Live TV,,75,nan
"Lok Sabha Election 2024 | Ticket कटना हार नहीं, बेटे को मिल गया टिकट : Brij Bhushan Sharan Singh",Brij Bhushan Sharan Singh: दिल्ली (Delhi) में महिला पहलवानों से छेड़छाड़ के आरोपी बीजेपी नेता बृजभूषण सिंह ने आज कोर्ट में हाजिरी लगाई. इस मौके पर मीडिया से बात करते हुए बृजभूषण सिंह ने कहा कि अभी पुलिस ने चार्जशीट दायर की है. कोर्ट में पुलिस को आरोप साबित करना है. मेरे पास बेगुनाही के पूरे सबूत मौजूद है.,76,bhushan brij singh जभ षण
PM Modi Speech | Bihar के Maharajganj में पीएम मोदी का जनता को संबोधन | Lok Sabha Elections,PM Modi LIVE | Bihar के Maharajganj में पीएम मोदी का जनता को संबोधन | Lok Sabha Elections,77,bihar elections lok maharajganj modi
"Election 2024: Uttar Pradesh के Gorakhpur की जनता की मांग है रोज़गार, नेताओं ने दिए क्या जवाब?","Lok Sabha Elections: Uttar Pradesh की हॉट सीट गोरखपुर में NDTV Election Carnival पहुंच चुका है. गोरखपुर में जनता जनार्दन किसको इस बार पहनाएगी राजीनीति का ताज, CM योगी (Yogi Adityanath) के गढ़ में कांग्रेस लगा पायेगी सेंध? देखिए इन चुनावों में जनता के क्या हैं मुद्दे?",78,election pradesh uttar जनत रखप
"Covid New Variant: Covid 19 के नये वेरिएंट ""FLiRT"" से सावधान! | Corona Virus","Covid New Variant: Covid 19 के नये वेरिएंट ""FLiRT"" से सावधान! | Corona Virus",79,19 corona covid flirt new
"Deepika Padukone, Ranveer Singh और Hrithik Roshan ने Mumbai में डाला Vote | Lok Sabha Polls",,80,nan
Lok Sabha Elections 2024: Lucknow में महिला वोटर ने गीत गाकर महिलाओं से इस तरह किया मतदान का आह्वान,,81,nan
"Iran President Ebrahim Raisi की Helicopter हादसे में मौत पर America बोला, कोई फाइल प्ले नहीं | NDTV",Iran Presidential Helicopter Crash: ईरान के राष्ट्रपति रईसी की हेलिकॉप्टर हादसे में मौत हो गई. इस हादसे के बाद अमेरिका की ओर से भी बयान आया है कि इसमें कोई हमले (फाउल प्ले) की आशंका नहीं है. क्या ईरान अमेरिका पर भरोसा करेगा. ईरान आगे क्या करेगा. समझें यहां.,82,अम ईर कर दस नह
"Lok Sabha election 2024: शाहिद, जाहन्‍वी, राजकुमार राव ने किया वोट","लोकसभा चुनाव की 49 सीटों पर आज वोटिंग हो रही है. इस बीच बॉलीवुड के सितारे भी अपने मताधिकार का प्रयोग करने पहुंच रहे हैं. शाहिद कपूर, जाहन्‍वी कपूर, राजकुमार राव, अभिनेता फरहान अख्तर, परेश रावल समेत कई फिल्‍मी सितारों ने अपना वोट डाल दिया है.",83,अपन जक पर रह हन
"5th Phase Election 2024 Voting: Rajkummar Rao ने डाला Vote, फिर की मतदान की अपील",,84,nan
Lok Sabha Election Phase 5 Voting: Mumbai में Vote डालने के बाद Akshay Kumar ने मीडिया से की बात,,85,nan
Lok Sabha Election 2024: Uttar Pradesh में सफल होगी Akhilesh-Rahul की चाल...या BJP करेगी कमाल?,UP Politics: उत्तर प्रदेश (Uttar Pradesh) में अखिलेश यादव (Akhilesh Yadav) और राहुल गांधी (Rahul Gandhi) की जोड़ी बीजेपी (BJP) को हराने के लिए पूरा दमखम लगा रही है. 7 साल बाद समाजवादी पार्टी और कांग्रेस (Congress) एक बार फिर मिलकर चुनाव लड़ रही है. INDIA गठबंधन के लिए सबसे बड़ी चुनौती यूपी में बीजेपी की सीटें कम करने की है.,86,pradesh rahul uttar कम रह
"Lok Sabha Election 2024: देश की राजधानी के चुनावी मुद्दे, Delhi की जनता ने बताई दिल की बात","Lok Sabha Election 2024: Delhi में आम आदमी पार्टी(AAP) की सरकार है. हालांकि यहां की सभी सात सीटों पर बीजेपी(BJP) का कब्ज़ा है. दिल्ली के लोगों के क्या मुद्दे हैं, ये उन्होंने बताया",87,2024 delhi election lok बत
PM Modi EXCLUSIVE Interview On NDTV: 'हमारा पलड़ा भारी है': PM Modi | BJP | Lok Sabha Election 2024,"PM Modi Super Exclusive Interview With Sanjay Pugalia On NDTV | दुनिया के सबसे बड़े लोकतंत्र का ऐतिहासिक चुनाव, कैसा होगा भारत का भावी इतिहास? देखिए भारत के प्रधानमंत्री PM मोदी का सुपर एक्सक्लूसिव इंटरव्यू NDTV के सभी नेटवर्क्स पर Watch Full Interview Here:",88,exclusive interview modi ndtv pm
Gen-Z Reviews Manifestos: राजनीतिक पार्टियों के घोषणापत्र पर क्या बोले देश के युवा | #NDTV18KaVote,"NDTV 18 Ka Vote: भारत 18वें आम चुनाव में मतदान कर रहा है, एनडीटीवी के अरुण सिंह ने युवाओं से भारत के प्रमुख राजनीतिक दलों के घोषणापत्रों का विश्लेषण किया. राजनीतिक पार्टियों के घोषणापत्र पर क्या बोले देश के यवुा, देखिए ये रिपोर्ट.",89,जन पत पर रत षण
PM Modi Exclusive Interview: 'NDA को इस बार एतिहासिक जीत मिलेगी': पीएम मोदी | NDTV India,,90,nan
PM Modi Rally LIVE: Haryana के Sonipat में पीएम मोदी का जनसभा को संबोधन | NDTV India,,91,nan
NDTV Election Carnival: क्योंकि हर पहाड़ी “टोपी” कुछ कहती है | Himachal Pradesh #Shorts,,92,nan
Kanhaiya Kumar ने Thappad Kand के बाद Manoj Tiwari को दे दी चुनौती | Lok Sabha Election 2024,Kanhaiya Kumar ने Thappad Kand के बाद Manoj Tiwari को दे दी चुनौती | Lok Sabha Election 2024,93,2024 election kand kanhaiya kumar
Azamgarh में जनता किसे करेगी वोट? देखिए आज रात 8 बजे NDTV Election Carnival में | Elections 2024,,94,nan
PM Modi Rally: Haryana के Ambala में पीएम मोदी का जनसभा को संबोधन | NDTV India,,95,nan
"Bibhav Kumar Arrest: बिभव ने दिल्ली पुलिस को लिखा ई मेल, कहा- जांच में सहयोग को तैयार",Bibhav Kumar Arrest: Swati Maliwal Case: दिल्ली के मुख्यमंत्री अरविंद केजरीवाल (Delhi CM Arvind Kejriwal) के सहयोगी बिभव कुमार (Bibhav Kumar) को दिल्ली पुलिस (Delhi Police) ने हिरासत (Custody) में ले लिया है. राज्यसभा सांसद स्वाति मालीवाल के साथ हुई मारपीट के मामले में बिभव कुमार को हिरासत में लिया गया है. वहीं बिभव कुमार ने दिल्ली पुलिस को ई-मेल (E-Mail) लिखा है. ई-मेल लिख कर बिभव ने दिल्ली पुलिस को कहा है कि मैं हर जांच में सहयोग करने को तैयार हूं.,96,arrest bibhav kumar भव सहय
Swati Maliwal Case: केजरीवाल के घर से निकलती मालीवाल के वीडियो पर AAP ने पूछे सवाल,Swati Maliwal Case:केजरीवाल के घर से निकलते हुए स्वाति मालीवाल का एक वीडियो सामने आया है. जिसमें वो बाहर निकलती हुई दिख रही हैं. इस वीडियो पर आप ने सवाल उठाए हैं. आप नेता आतिशी का कहना है कि अगर उनके साथ मारपीट हुई तो वो आराम से कैसे चल रही थीं?,97,case maliwal swati कलत रह
Lok Sabha Election 2024: सुदूर गांवों में मुद्दों और उम्मीदों के बीच NDTV | Bundelkhand | Jhansi,Bundelkhand Lok Sabha Seat: 20 मई को पांचवे चरण के लिए मतदान होना है जिसमें बुंदेलखंड (Bundelkhand Lok Sabha Seat) की चार सीटें भी शामिल है। उसके पहले यहां चुनाव प्रचार ज़ोरों पर है। इस राजनीतिक सरगर्मी के बीच NDTV की टीम बुंदेलखंड के शहरी इलाकों से काफी दूर ... दूर-दराज़ के गांवों में पहुंची उनके मुद्दों और नयी सरकार से उनकी उम्मीदों को समझने के लिए... देखिये बुंदेलखंड के दो गांवों से हिमांशु शेखर की ग्राउंड रिपोर्ट.,98,bundelkhand lok ndtv sabha लख
Maharashtra की लड़ाई में NDA और INDIA में कौन किसपर पड़ेगा भारी? l Election Cafe,,99,nan
"Arvind Kejriwal बोले - BJP Yogi Adityanath को CM पद से हटा देगी, अब आ गया UP के मुख्यमंत्री का जवाब","Arvind Kejriwal बोले - BJP Yogi Adityanath को CM पद से हटा देगी, अब आ गया UP के मुख्यमंत्री का जवाब Lok Sabha Election 2024: दिल्ली के मुख्यमंत्री अरविंद केजरीवाल (Arvind Kejriwal) ने गुरुवार को समाजवादी पार्टी के अध्यक्ष अखिलेश यादव (Akhilesh Yadav) के साथ एक साझा प्रेस कॉन्फ्रेंस में उत्तर प्रदेश के CM Yogi Adityanath को लेकर एक दावा किया था. Arvind Kejriwal ने कहा था कि अगर BJP सत्ता में आई तो दो से तीन महीने में योगी आदित्यनाथ को उत्तर प्रदेश के मुख्यमंत्री के पद से हटा दिया जाएगा. इस पर CM Yogi Adityanath ने Arvind Kejriwal पर पलटवार किया. सुनिए क्या बोले Yogi Adityanath",100,adityanath arvind cm kejriwal yogi
Ravindra Bhati Exclusive: चुनाव जीतने के बाद पहला मुद्दा कौनसा उठाएंगे भाटी ?,"Lok Sabha Election: चुनाव के बीच देश के युवा नेता रविंद्र भाटी (Ravindra Bhati) से खास बातचीत की गई. इस दौरान उन्होनें अपने राजनीतिक सफर, राजस्थान की समस्याएं, पेपर लीक जैसे मामलों पर बात की. उन्होंने बताया कि उनको युवा बहुत पसंद हैं. वहीं ये भी उन्होंने बताया कि चुनाव जीतने के बाद संसद में पहला मुद्दा कौनसा उठाएंगे.",101,bhati ravindra उठ उन बत
Lok Sabha Election 2024: South central Mumbai की जनता किस सेना को देगी अपना समर्थन | NDTV India,"Maharashtra Politics: 2024 के लोकसभा चुनावों में महाराष्ट्र में जो सबसे दिलचस्प मुक़ाबला है, वह सेना और सेना के बीच का है। एक उद्धव की शिवसेना और दूसरी एकनाथ शिंदे की शिवसेना। दोनों धड़े कई सीटों पर आमने-सामने हैं। इनमें से एक सीट है दक्षिण मध्य मुंबई की सीट जहाँ मौजूदा सांसद राहुल शेवाले का मुक़ाबला है UBT के अनिल देसाई से ।",102,2024 एक बल वस सद
Rahul Gandhi शादी कर घर बसाएं...बहन Priyanka Gandhi ने जाहिर की इच्छा,"Priyanka Gandhi जो रायबरेली में अपने भाई के लिए जमकर प्रचार कर रही हैं उन्होंने कहा है कि वो भी अपने भाई को शादी करते हुए, पिता बनते हुए देखना चाहती हैं... प्रियंका गांधी ने एक इंटरव्यू के दौरान कहा कि, मैं एक बहन होने के नाते अपने भाई (Rahul Gandhi) को खुश देखना चाहती हूं..मैं चाहती हूं कि उनकी शादी हो और वो भी पिता बनें.",103,gandhi priyanka अपन बहन हत
Kapil Sibal बने Supreme Court Bar Association के अध्यक्ष | NDTV India,वरिष्ठ वकील कपिल सिब्बल (Kapil Sibal) को गरुवार को सुप्रीम कोर्ट बार एसोसिएशन (SCBA) का अध्यक्ष चुना गया. एससीबीए के चुनाव गुरुवार को हुए थे. हार्वर्ड लॉ स्कूल से स्नातक सिब्बल 1989-90 के दौरान भारत के अतिरिक्त सॉलिसिटर जनरल थे. उन्हें 1983 में वरिष्ठ वकील के रूप में नामित किया गया था. कांग्रेस के नेतृत्व वाली संयुक्त प्रगतिशील गठबंधन (UPA) सरकार में मंत्री रहे सिब्बल ने 1995 और 2002 के बीच तीन बार एससीबीए अध्यक्ष के रूप में कार्य किया था.,104,अध एसस बल यक वर
Maharashtra Politics: NDA की 'Bullet Train' को पछाड़ पाएगा INDIA Alliance? | NDTV Data Centre,Lok Sabha Election 2024: सोमवार को पांचवें चरण में महाराष्ट्र की 13 सीटों पर चुनाव होना है.लेकिन मुंबई रीजन की 10 सीटें चर्चा के केंद्र में है.वैसे तो लोकल मुंबई की लाइफलाइन है.लेकिन उसी मुंबई के ट्रैक पर देश की पहली बुलेट ट्रेन दौड़ने वाली है.फिलहाल मुंबई के चुनावी ट्रैक पर तमाम पार्टियां अपनी अपनी बुलेट ट्रेन दौड़ाने के लिए तैयार हैं और हम तैयार हैं मुंबई की चुनावी रेस को डिकोड करने के लिए,105,10 अपन उस पर बई
"Putin ने China में राष्ट्रपति Jinping से की मुलाकात, उस मुलाकात का India पर क्या हो सकता है असर?",रूसी राष्ट्रपति ब्लादिमीर पुतिन का चीन ने बेहद गर्मजोशी के साथ स्वागत किया। चीन के साथ रूस कई महत्वपूर्ण समझौते भी कर रहा है लेकिन सवाल है कि इसका प्रभाव भारत पर क्या पड़ेगा। भारत और रूस के संबंध ऐतिहासिक और परंपरा से जुड़े हैं। अब चीन भले अमेरिका विरोध में रूस से दोस्ती का हाथ मिला रहा है लेकिन रूस का दिल तो भारत के साथ ही है।,106,china पर रत रपत रह
"Lok Sabha Election: Raebareli में Rahul Gandhi की बढेगी मुश्किल, यादव वोटबैंक पर खतरा !","Lok Sabha Election: ठाकुर प्रसाद यादव रायबरेली (Raebareli) से बसपा प्रत्याशी हैं...जो इस बार राहुल गांधी (Rahul Gandhi) को झटका दे सकते हैं...समाजवादी पार्टी महागठबंधन में कांग्रेस के साथ मिलकर चुनाव लड़ रही है, ऐसे में सपा के यादव वोट्स तो राहुल गांधी को मिल जाएंगे..मगर 23 फीसदी ओबीसी जाति वाली इस सीट पर जो यादव मतदाता हैं वो ठाकुर प्रसाद यादव की और भी अपना रुख करेंगे. बसपा समर्थक राहुल की जगह ठाकुर प्रसाद यादव के नाम का बटन दबा सकते हैं.",107,election gandhi lok दव रस
Iran के Chabahar Port Deal को लेकर कैसे Foreign Minister Jaishankar ने कर दी America की बोलती बंद?,"Chabahar Port Deal: भारत ने ईरान के साथ चाबहार पोर्ट के संचालन के लिए डील करना अमेरिका को रास नहीं आया लेकिन भारत ने उसकी तिलमिलाहट को शांत कर दिया विदेश मंत्री एस जयशंकर ने अमेरिका को आईना दिखा दिया कि जब उसका अपना इंटरेस्ट होता है तो उसको चाबहार पोर्ट डील अच्छी लगती है.. लेकिन अपना काम निकल जाता है तो जुबान बदल जाती है अमेरिका हो या यूरोप, उनके हर उठाए सवाल का जैसा माकूल जवाब भारत देता है उससे यही ध्वनि निकलती है कि भारत अब झुकेगा नहीं।",108,port अम उसक कर रत
PM Modi Roadshow In Maharashtra | मुंबई उत्तर पूर्व में पीएम मोदी ने किया रोड शो | NDTV India,,109,nan
"Attack On Slovakia's PM:  स्लोवाकिया के प्रधानमंत्री Robert Fico पर जानलेवा हमला, हिरासत में संदिग्ध",Attack On Slovakia's PM: स्लोवाकिया के प्रधानमंत्री रॉबर्ट फिको को गोली मार दी (Slovak Prime Minister Robert Fico) गई है. गंभीर हालत में उन्हें अस्पताल में भर्ती कराया गया है. यह घटना राजधानी ब्रैटिस्लावा से लगभग 150 किलोमीटर उत्तर-पूर्व में हैंडलोवा शहर में हुई.,110,attack fico on pm slovakia
PM Modi Rally | Maharashtra के Kalyan में पीएम मोदी की विशाल जनसभा | NDTV India Live TV,,111,nan
PM Modi Rally | Maharashtra के Dindori में पीएम मोदी ने विशाल जनसभा को संबोधित किया,,112,nan
Lok Sabha Elections 2024: हाथ में संविधान की किताब पकड़ कर जनता से क्या बोले Rahul Gandhi?,,113,nan
Tejashwi Yadav: नौकरी नहीं तो युवा मंगलसूत्र कैसे पहनाएंगे | Bihar Politics,Bihar Politics: राजद नेता तेजस्वी यादव (Tejashwi Yadav) ने बुधवार को 'मंगलसूत्र' के बारे में प्रधानमंत्री नरेंद्र मोदी (PM Modi) की हालिया टिप्पणियों की आलोचना की. उन्होंने कहा कि जब नौकरी नहीं है तो युवा मंगलसूत्र कैसे पहनाएंगे.,114,bihar politics tejashwi गलस नह
NDTV Election Carnival: Prayagraj में सियासी राजा कौन? BJP या Congress? | Lok Sabha Election 2024,"Lok Sabha Elections 2024: करीब 8000 किलोमीटर का फासला तय करके इलेक्शन कार्निवल (NDTV Election Carnival) पहुंच गया Prayagraj, आइए जानते हैं क्या है संगम नगरी में चुनावी माहौल और समझते हैं यहां के मुद्दे और जनता के जज़्बात, देखें NDTV Election Carnival का ये ख़ास एपिसोड संगम नगरी प्रयागराज से NDTV Election Carnival | Lok Sabha Elections 2024 -",115,2024 carnival election ndtv sabha
Lok Sabha Elections 2024: क्या Fourth Phase के बाद बदली है हवा? l Election Cafe,,116,nan
"DC vs LSG: दिल्ली और लखनऊ के बीच भिड़ंत, Arun Jaitley की पिच पर Bowler या Batter किसका दिखेगा कमाल?","IPL 2024: आईपीएल 2024 (IPL 2024) का 64वां मुक़ाबला,14 मई को दिल्ली कैपिटल्स और लखनऊ सुपर जायंट्स के बीच खेला खेला जा रहा है. ये मुकाबला दिल्ली के अरुण जेटली स्टेडियम (Arun Jaitley Stadium, Delhi) में होगा. केएल राहुल (KL Rahul) के हाथों में लखनऊ सुपर जायंट्स की कप्तानी है, जबकि दिल्ली कैपिटल्स की कप्तानी ऋषभ पंत के कंधों पर है. बता दें कि एक मैच में बैन झेलने के बाद ऋषभ पंत एक बार फिर से अपनी टीम की कप्तानी करते हुए नजर आएंगे. ये मुकाबला दोनों टीमें प्ले ऑफ में पहुंचने की संभावनाओं की लड़ाई लड़ेगी.",117,कप टल पर बल लखनऊ
"Elections 2024: Bansuri Swaraj के साथ खाने पर सियासत और स्वाद का तड़का, देखें Poll Curry On NDTV","Lok Sabha Elections 2023: Bansuri Swaraj के साथ खाने पर सियासत और स्वाद का तड़का, देखें Poll Curry On NDTV NDTV India (Hindi News Channel):",118,bansuri ndtv swaraj तड सत
"न्याय, धर्म और हिम्मत दिखाने पर FIR: Maadhavi Latha | Asaduddin Owaisi | Lok Sabha Elections",,119,nan
PM Modi In Varanasi | PM Modi Nomination | Kaal Bhairav Mandir | Lok Sabha Elections | NDTV India,,120,nan
Lok Sabha Elections 2024: PM Modi ने Varanasi से दाखिल किया Nomination,"Lok Sabha Elections 2024: प्रधानमंत्री नरेन्‍द्र मोदी (Prime Minister Narendra Modi) ने आज वाराणसी लोकसभा सीट से अपना नामांकन दाखिल कर दिया है. इस दौरान 11 राज्यों के मुख्यमंत्री भी मौजूद रहे. पीएम मोदी के नामांकन के लिए चार प्रस्तावक - पंडित गणेश्वर शास्त्री, बैजनाथ पटेल, लालचंद कुशवाहा और संजय सोनकर रहे. दरअसल चुनाव में प्रस्तावक के बिना किसी उम्मीदवार का नामांकन अधूरा माना जाता है. रिटर्निंग ऑफिसर को प्रस्तावकों के हस्ताक्षर सत्यापित करने होते हैं.",121,2024 कन रस रह वक
Maadhavi Latha पर महिला Voter का बुर्का हटवाने के आरोप पर Case दर्ज | Asaduddin Owaisi | Elections,,122,nan
"Sushil Modi Death News: 'मेरे मित्र के आसमयिक निधन', सुशिल मोदी के निधन पर PM Modi का भावुक सन्देश",Sushil Modi Last Rites News: भारतीय जनता पार्टी (BJP) के वरिष्ठ नेता और बिहार के पूर्व उपमुख्यमंत्री सुशील कुमार मोदी का निधन हो गया. 72 साल के सुशील मोदी पिछले छह महीनों से कैंसर की गंभीर बीमारी से जूझ रहे थे. उनका दिल्ली के एम्स में इलाज चल रहा था. उन्हें बीजेपी ने राज्य के लिए अपने स्टार प्रचारकों में भी शामिल किया था. साथ ही अपनी चुनाव घोषणापत्र समिति का सदस्य भी नामित किया था.,123,modi news अपन धन रह
PM Modi In Varanasi: पीएम मोदी ने भावुक वीडियो जारी कर बताया Kashi से उनका नाता खास क्यों है,PM Modi Nomination from Varanasi: पीएम नरेंद्र मोदी (PM Modi) आज वाराणसी (Varanasi) से लोकसभा चुनाव (Lok Sabha Elections) के लिए नामांकन भरने जा रहे हैं. ऐसे में उन्होंने ने अपने एक्स हैंडल पर एक वीडियो साझा कर काशी से अपने रिश्ते के बारे में बताया. काशी और पीएम के बीच कैसा रिश्ता है यह बताते बताते पीएम भावुक हो जाते हैं. देखें पूरा वीडियो,124,modi pm varanasi एम बत
Lok Sabha Election 2024: क्या Telangana में विधानसभा जैसा प्रदर्शन दोहरा पाएगी Congress?,Lok Sabha Elections 2024 में क्या कांग्रेस 2023 की रेसिपी दोहरा पाएगी? 2023 में कांग्रेस को अप्रत्याशित जीत मिली थी. 40 फ़ीसदी वोट के साथ 119 में से 64 सीटें कांग्रेस ने हासिल की थी.,125,2024 lok sabha एग हर
Lok Sabha Elections: चौथे फेज की लड़ाई ने इन जगहों पर बनाया दिलचस्प मामला? l Election Cafe,,126,nan
Lok Sabha Election 2024 Phase 4 Voting: क्या BJP सुधारेगी चौथे चरण में अपना प्रदर्शन? | NDTV India,4th Phase Election 2024 Voting: BJP चौथे चरण में अपना प्रदर्शन सुधारेगी सुधार पा रही है इसमें पिछले तीन चुनावों को जो देखा जाए मतलब पिछले तीन phases को तो अब ये जो चौथे चुनाव है अगर body language देखिएगा बीच बीच में ये कहा जा रहा था की चार सौ की बात अब वो नहीं कर रहे हैं । जो सत्ता पक्ष का खेमा है उस खेमे में सा जो निराशा सी थी उसको हुआ क्या इस बीच में देखिए होता क्या है कि सारा सब कुछ narrative पे depend करता है और leadership पे depend करता है ।,127,2024 छल रदर रह शन
"Amit Shah Interview: Electoral Bond पर शाह बोले, Supreme Court के फैसले से कैश का चलन बढ़ेगा",,128,nan
Amit Shah Interview On NDTV: Rahul Gandhi से अमित शाह के 5 सवाल | NDTV India,,129,nan
"Lok Sabha Election 4th Phase Voting: भारी बारिश में भी Vote देने पहुंचे मतदाता, Video आया सामने",,130,nan
"Amit Shah Exclusive Interview to NDTV: Delhi की सभी Seat BJP क्यों जीतेगी, सुनें अमित शाह का जवाब",,131,nan
Hyderabad में Asaduddin Owaisi के खिलाफ चुनाव लड़ने वाली BJP प्रत्याशी MadhviLatha की अपील,हैदराबाद में असदुद्दीन ओवैसी के खिलाफ चुनाव लड़ने वाली बीजेपी प्रत्याशी माधवीलता ने अपील लोगों से अपील की है कि घरों से निकलकर लोग ओट करें.,132,asaduddin अप धव रत लड
PM Narendra Modi Exclusive Interview With NDTV| BJP ने देश को गवर्नेंस का नया मॉडल दिया है : PM Modi,,133,nan
PM Modi On NDTV: पूरे देश में BJP NDA को 400 पार कराने का लक्ष्य है | Lok Sabha Elections | Bihar,PM Modi Exclusive Interview: लोकसभा चुनाव 2024 (Lok Sabha elections 2024) के चौथे चरण के चुनाव के लिए सोमवार को वोट डाले जाएंगे. इससे पहले रविवार को पीएम मोदी (PM modi) ने बिहार की राजधानी पटना में एक रोड शो किया. रोड शो के दौरान NDTV के साथ Exclusive बातचीत में पीएम मोदी ने कहा कि पूरे देश में एनडीए को 400 पार करवाने का संकल्प है. पूरे देश का जो माहौल है वही हालत बिहार का भी है. पीएम मोदी ने दावा किया कि बिहार की सभी 40 सीटों पर एनडीए को जीत मिलेगी. प्रधानमंत्री ने कहा कि इस बार के चुनाव में चौंकाने वाले आंकड़े सामने आएंगे.,134,modi pm एनड एम कह
"Massive Protest In POK: Pakistan के कब्जे वाले Kashmir में भारी विरोध प्रदर्शन, झड़प में 90 घायल","Massive Protest In POK: पाकिस्तान के कब्जे वाले कश्मीर (पीओके) में इन दिनों अशांति का माहौल है. यहां के लोग विरोध प्रदर्शन (Pok Protest) कर रहे हैं. इन विरोध प्रदर्शनों को दबाने के लिए अधिकारी बड़े पैमाने पर कार्रवाई कर रहे हैं. शनिवार को हुई झड़पों के दौरान एक पुलिस अधिकारी की मौत हो गई और 90 अन्य लोग घायल हो गए. महंगाई, हाई टेक्सेशन और बिजली की कमी के खिलाफ शुरू हुआ विरोध प्रदर्शन पीओके में अधिकारों और स्वतंत्रता के लिए एक आंदोलन में बदल गया है.",135,pok protest अध रदर शन
PM Modi LIVE | West Bengal के Howrah में पीएम मोदी की विशाल रैली | Lok Sabha Election 2024,PM Modi LIVE | West Bengal के Howrah में पीएम मोदी की विशाल रैली | Lok Sabha Election 2024,136,2024 bengal election howrah live
"Sandeshkhali Violence: West Bengal के संदेशखाली में तनाव, BJP और TMC कार्यकर्ताओं के बीच झड़प","Sandeshkhali Violence News: पश्चिम बंगाल (West Bengal) के संदेशखाली में तनाव, बीजेपी कार्यकर्ताओं ने आज थाने का घेराव करने का एलान किया था, तभी दोनों पक्षों के बीच कहासुनी हो गई और नौबत झड़प पर आ गई.",137,bengal गई झड तन यकर
PM Modi की उम्र पर Arvind Kejriwal के बयान से क्या बदल गया I.N.D.I.A Alliance का मुद्दा? | Muqabla,Arvind Kejriwal Delhi CM Interim Bill: अंतरिम ज़मानत पर जेल से छूटते ही केजरीवाल बीजेपी पर हमलावर हैं. पीएम की उम्र को लेकर उन्होंने सवाल उठाए हैं. वहीं उन्होंने कहा है कि वो पूरे देश में प्रचार करेंगे. 21 दिनों की सशर्त ज़मानत पर केजरीवाल बाहर आए हैं. इस दौरान उनका पूरा फ़ोकस प्रचार पर रहेगा और उनके हमले आने वाले दिनों में और भी तीखे हो सकते हैं. हालाकि उन्हें बीजेपी की तरफ़ से जवाब भी मिल रहा है. अब सवाल ये उठता है की पीएम की उम्र को लेकर केजरीवाल के बयान से क्या बदल गया I.N.D.I.A Alliance का मुद्दा?,138,उन उम कर जर पर
Bihar Politics: इस बार के चुनाव प्रचार को पर्दे के पीछे से सभाल रहे Lalu Yadav और Nitish Kumar?,Lok Sabha Election 2024: सियासत और चुनावी कसौटी पर बिहार (Bihar) की ज़मीन हमेशा से बड़ी रही है. चुनावी प्रचार में कई राष्ट्रीय नेताओं की मौजूदगी यहां की चुनावी तपिश को और बढ़ा रही है. लेकिन इस बार NDA से दोबारा गठबंधन करने वाले जेडीयू (JDU) के अध्यक्ष और बिहार के मुख्यमंत्री नीतीश कुमार (Nitish Kumar) चुनावी प्रचार में कम दिखाई दे रहे हैं. क्या चुनावी पिच पर नीतीश ने अपनी सियासी रणनीति में बदलाव किया है... देखिए प्रभाकर कुमार की स्पेशल रिपोर्ट...,139,bihar kumar पर रच रह
"Lok Sabha Election 2024: ""Azamgarh के बच्चा बच्चा Nirahua Bhaiya के साथ बा"" | NDTV Election Carnival",,140,nan
PM Modi Rally | पीएम मोदी ने झारखंड के चतरा में विशाल जनसभा को किया संबोधित,झारखंड के चतरा के सिमरिया ग्राउंड में शनिवार की शाम पीएम मोदी ने एक विशाल जनसभा को संबोधित किया.,141,modi एम चतर जनसभ रख
Gold Biscuit Viral Video: देखिए वायरल वीडियो में BJP पर सोने का बिस्कुट बांटने का पूरा सच,"Gold Biscuit Viral Video: मुंबई (Mumbai) में घाटकोपर पुलिस स्टेशन का एक वीडियो वायरल हो रहा है जिसमे पुलिस और चुनाव अधिकारी तलाशी लेते दिख रहे हैं,वीडियो में बीजेपी चुनाव प्रचार का साहित्य दिखाई दे रहा है और दावा किया जा रहा है कि बीजेपी सोने का बिस्कुट बांट रही है। क्या है वायरल विडियो का सच ये जानने के लिए एनडीटीवी ने बात की उस शख्स से जिसकी कार से किट बरामद हुई थी।",142,biscuit gold video यरल रह
Mani Shankar Aiyar on Pakistan: Acharya Pramod ने मणिशंकर और Rahul Gandhi को Atom Bomb पर दिया जवाब,"Mani Shankar Aiyar on Pakistan: कांग्रेस(Congress) के पूर्व नेता आचार्य प्रमोद कृष्णम(Acharya Pramod Krishnam) ने पाकिस्तान की परमाणु क्षमता के बारे में मणिशंकर अय्यर(Mani Shankar Aiyar) की टिप्पणी पर प्रतिक्रिया देते हुए कहा कि अय्यर की टिप्पणी महज भारत को डराने की कोशिश थी। आचार्य प्रमोद कृष्णम ने कांग्रेस नेता द्वारा दिए गए बयान को दृढ़ता से खारिज कर दिया, उन्होंने इस बात पर जोर दिया कि मणिशंकर अय्यर को ऐसे बयान जारी करने के बजाय राहुल गांधी को यह समझाने पर ध्यान केंद्रित करना चाहिए कि प्रधानमंत्री मोदी(PM Modi) के नेतृत्व में भारत किसी भी खतरे के खिलाफ निडर और लचीला है।",143,aiyar कर पर यर रत
Lok Sabha Election 2024: Kannauj में Akhilesh Yadav 2019 में Dimple Yadav की हार का लेंगे बदला?,"Lok Sabha Election 2024: इत्र की ख़ुशबू में लिपटा शहर पूरी दुनिया में ख़ुशबू बिखेरता यह शहर, कन्नौज (Kannauj) के लोगों ने सदियों पुराने पेशे को ज़िंदा रखा, अब बात यह है कि ख़ुशबू के शहर में किस पार्टी की हवा? क्या Akhilesh Yadav को कन्नौज की जनता फिरसे अपनाएगी",144,2024 akhilesh yadav शब शहर
Delhi CM Kejriwal Interim Bail: Tihar Jail से बाहर आकर Arvind Kejriwal ने BJP पर हमला बोला,"Arvind Kejriwal Out On Interim Bail News: सुप्रीम कोर्ट से अंतरिम जमानत दिए जाने के बाद दिल्ली के मुख्यमंत्री अरविंद केजरीवाल (Arvind Kejriwal) को शुक्रवार की शाम को करीब सात बजे तिहाड़ जेल (Tihar Jail) से रिहा कर दिया गया. अरविंद केजरीवाल ने जेल के बाहर बड़ी संख्या में मौजूद आम आदमी पार्टी (AAP) के नेताओं और कार्यकर्ताओं को संबोधित किया. उन्होंने बीजेपी पर जोरदार हमला बोला. उन्होंने कहा कि, ''मैं तन, मन, धन से लड़ रहा हूं और संघर्ष कर रहा हूं.''",145,arvind kejriwal कर पर हर
"Andhra Pradesh के Mega Elections में इस साल Congress, NDA या YSRC कौन करेगा राज? #Shorts",Lok Sabha Elections 2024: इस साल आंध्र प्रदेश में मेगा इलेक्शन होने जा रहा है. वहां लोकसभा की 25 सीटों के साथ साथ विधानसभा की 175 सीटों पर भी वोट डाले जाएंगे. तो आंध्र प्रदेश के इस चुनावी किचन में कौन बनेगा मास्टर शेफ देखिए इस खास शो में.,146,175 elections इस रद रह
PM Modi Roadshow | Bhubaneswar में पीएम मोदी का रोड शो | NDTV India Live TV,,147,nan
"Lok Sabha Election 2024: Ayushman Card नहीं है तो ऐसे होगा मुफ्त इलाज़, CM Yogi ने बताया रास्ता",,148,nan
"Arvind Kejriwal जेल से बाहर, क्या बदलने लगा है देश का राजनीतिक समीकरण? l Election Cafe",,149,nan
Supreme Court On Kejriwal: Arvind Kejriwal को जमानत देते हुए Supreme Court ने क्या कहा? | NDTV India,SC On Delhi Liquor Policy Scam: दिल्ली के मुख्यमंत्री अरविंद केजरीवाल (Arvind Kejriwal Bail) को सुप्रीम कोर्ट से बड़ी राहत मिली है. अदालत ने ईडी के कड़े विरोध के बावजूद भी दिल्ली के मुख्यमंत्री को अंतरिम जमानत दे दी है. केजरीवाल को 1 जून तक के लिए जमानत मिल गई है. जमानत मंजूर करते समय कोर्ट ने क्या कहा? देखिए वीडियो में,150,arvind kejriwal supreme जम नत
"Delhi CM Kejriwal Interim Bail: Tihar Jail से बाहर निकले CM Arvind Kejriwal, घर के लिए रवाना",,151,nan
PM Modi | Hyderabad के Telangana में पीएम मोदी की जनसभा LIVE | NDTV India Live TV,,152,nan
Share Market Update: 2024 के लोकसभा चुनाव और शेयर बाज़ार #LokSabhaElection,"Share Market Update: शेयर बाज़ार में लगातार हो रहा है उतार-चढाव, कौन से सेक्टर से आप को हो सकता है फायदा चुनाव के नतीजों से पहले. शेयर बाजार के एक्सपर्ट AMBAREESH BALIGA से SAKSHI BAJAJ ने खास बातचीत की.",153,2024 market share update यर
Mumbai में Milind Deora के साथ सियासत और स्वाद का तड़का | NDTV Poll Curry With Kunal Vijayakar,Lok Sabha Elections 2024: Poll Curry के दूसरे Episode में देखिए Mumbai में शिवसेना सासंद मिलिंद देवरा(Milind Deora) के साथ सियासत और स्वाद का तड़का. मुंबई की सड़कों पर एक्टर-फूड ब्लॉगर Kunal Vijaykar के साथ देखिए कैसे Milind Deora ने पोल करी के साथ खोला अपना उपवास.,154,curry deora milind mumbai सत
"Raebareli में Rahul Gandhi को मिलेगा कितना समर्थन, जनता ने दिए जवाब | Lok Sabha Election s 2024","Lok Sabha Election: रायबरेली में राहुल गांधी और बीजेपी प्रत्याशी दिनेश सिंह के बीच मुकाबला रायबरेली में प्रियंका गांधी ने अपने भाई राहुल गांधी के प्रचार की कमान संभाल ली है चार दिन से लगातार वो चुनाव प्रचार कर रही हैं. लेकिन जनता की इसे लेकर क्या राय है. क्या राहुल जीत दर्ज कर पाएंगे, देखें इस रिपोर्ट में",155,election lok कर जनत रच
PM Modi | राष्ट्रपति भवन में पद्म पुरस्कार समारोह | President Droupadi Murmu,,156,nan
Diplomatic Passports के चलते 90 दिनों तक वापस नहीं आएगा प्रज्वल,Prajwal Revanna Sex Scandal: बलात्कार का आरोपी जेडीएस सांसद प्रज्वल रेवन्ना डिप्लोमेटिक पासपोर्ट (Diplomatic Passport) के सहारे जर्मनी चला गया। वीज़ा एग्रीमेंट के मुताबिक़ 90 दिनों तक प्रज्वल वहां रह सकता है । उसे वापस लाने के लिए उसके डिप्लोमेटिक पासपोर्ट का रद्द होने ज़रूरी है और ये अदालत के आदेश से ही हो सकता है,157,90 diplomatic रज वल सप
India में हिंदुओं की आबादी घटी तो मुसलमानों की बढ़ी | जानिए Bangladesh और Pakistan का हाल,"प्रधानमंत्री की आर्थिक सलाहकार परिषद (Economic Advisory Council of Prime Minister) ने देश और दुनिया में बहुसंख्यक और अल्पसंख्यक आबादी को लेकर एक अध्ययन किया है. इस अध्ययन के मुताबिक देश में बहुसंख्यकर हिंदुओं (Hindu)की आबादी 7.82 फीसदी घटी है. इस अध्ययन में 1950 और 2015 को आधार वर्ष बनाया गया.इसके मुताबिक देश में 1950 में हिंदुओं की आबादी 84.68 फीसदी थी, जो 2015 में घटकर 78.06 फीसदी रह गई.",158,अध आब बह ययन सद
"Akash Anand की पहली प्रतिक्रिया आई सामने, बोले अंतिम सांस तक लड़ता रहूंगा | NDTV India",Mayawati Akash Anand BSP: आकाश आनंद को बसपा के नेशनल कोऑर्डिनेटर और राजनीतिक उत्तराधिकारी पद से हटाए जाने के बाद पहला बड़ा बयान सामने आया है| 'x' पर प्रतिक्रिया देते हुए मायावती के फैंसले का सम्मान किया है.,159,akash anand पहल मन रत
Khalistan | Canada Khalistani आतंकियों की साज़िशों का लॉन्च पैड : भारत | NIA,"कनाडा की सत्तारूढ़ पार्टी और वहां के अलग-अलग राजनीतिक दलों ने बोलने की आज़ादी के नाम पर अलगाववादियों, उग्रवादियों और हिंसा के समर्थकों को ख़ास तरह की वैधता दी है.. लेकिन सच ये है कि कई तरह की हिंसा के समर्थकों और पंजाब के ख़तरनाक गैंग के गुंडों को कनाडा ने पनाह दी है... हम कनाडा को कहते आए हैं कि ये भारत के वांटेड अपराधी हैं और आपने उनको वीज़ा तक दिया है और आप उनको वहां रहने दे रहे हैं, अगर आप ऐसे लोगों को अपने यहां रहने देंगे तो परेशानियां तो होंगी ही।",160,अलग उनक कन रत समर
"Elections 2024: 283 सीटों पर चुनाव खत्म, क्या है देश का मिज़ाज और Mayawati की राजनीति |Election Cafe",,161,nan
Sam Pitroda विवाद में  Modi के इस भाषण के बाद Congress फंस गई | Rahul Gandhi | Khabar Pakki Hai,"रंगभेद वाले बयान पर विवाद के बाद सैम पित्रोदा (Sam Pitroda) ने इंडियन ओवरसीज कांग्रेस (Indian Overseas Congress) के अध्यक्ष पद से इस्तीफा दे दिया है. यह जानकारी कांग्रेस के राष्ट्रीय महासचिव जयराम रमेश ने दी. उन्होंने X पर लिखा- 'पित्रौदा ने अपनी मर्जी से इस्तीफा दिया है, जिसे स्वीकार कर लिया गया.",162,congress pitroda sam इस पर
PM Modi Roadshow LIVE | Andhra Pradesh के Vijayawada में पीएम मोदी का रोडशो | Lok Sabha Election,PM Modi Roadshow LIVE | Andhra Pradesh के Vijayawada में पीएम मोदी का रोडशो | Lok Sabha Election,163,andhra election live lok modi
Muslim Reservation पर क्या कहता है देश का संविधान | मुद्दे पर PM Modi और Lalu Yadav का वार-पलटवार,"Muslim Reservation: चुनावी सरगर्मियों के बीच राष्ट्रीय जनता दल के प्रमुख, देश के पूर्व रेल मंत्री और बिहार के पूर्व-मुख्यमंत्री Lalu Yadav ने मुस्लिम आरक्षण को लेकर बयान दिया और कहा कि मुसलमानों को आरक्षण तो मिलना ही चाहिए। दूसरी तरफ बयान को लेकर PM Modi ने लालू यादव पर पलटवार किया। अब लालू के बयान के बाद सवाल उठता है कि चुनावी मौसम में देश में धर्म-आधारित आरक्षण पर बहस क्यों छिड़ी है। देश में मुस्लिम आरक्षण की स्थिति क्या है और संविधान आरक्षण को लेकर क्या कहता है।",164,आरक कर पर बय षण
Amit Shah LIVE | Uttar Pradesh के Hardoi में अमित शाह की Rally | Lok Sabha Election 2024,Amit Shah LIVE | Uttar Pradesh के Hardoi में अमित शाह की Rally | Lok Sabha Election 2024,165,2024 amit election hardoi live
"Sam Pitroda ने फिर दिया  विवादित बयान, BJP नेताओं ने मचाया बवाल | NDTV India",,166,nan
"NDTV Election Carnival Madhya Pradesh के Ujjain पहुंचा, देखें आज रात 8 बजे वहां के सियासी मुद्दे",Election Carnival: Madhya Pradesh के Ujjain पहुंच चुका है NDTV का Election Carnival. लोकसभा चुनाव (Lok Sabha Election) के बीच क्या हैं उज्जैन वासियों के सियासी मुद्दे देखें आज रात 8 बजे.,167,carnival election madhya ndtv pradesh
Xi Jinping Europe Tour: शी जिनपिंग ने France President Emmanuel Macron से कहा नया शीत युद्ध रोके,Xi Jinping Europe Tour: पाँच साल में पहली बार यूरोप दौरे पर चीन के राष्ट्रपति शी जिनपिंग. शी जिनपिंग ने सबसे पहले फ़्रांस में वहाँ के राष्ट्रपति इमैनुएल मैक्रां से मुलाक़ात की. शी ने इस मुलाक़ात में कहा कि चीन के साथ फ़्रांस सहयोग करे ताकि एक नया कोल्ड वॉर शीत युद्ध ना शुरू हो.,168,europe jinping नप पहल रपत
Lok Sabha Phase 3 Voting: तीसरे चरण के मतदान को लेकर दिग्गजों ने क्या कहा? | NDTV India,India Election 2024 Phase 3 Voting: देश के 11 राज्यों और केंद्र शासित प्रदेशों की 93 सीटों पर आज तीसरे चरण का मतदान चल रहा है. जम्मू-कश्मीर की अनंतनाग और राजौरी सीट पर 25 मई तक के लिए चुनाव टाल दिया गया है.,169,india phase पर मतद सर
PM Modi In Madhya Pradesh: मध्य प्रदेश के धार में पीएम मोदी की विशाल जनसभा | NDTV India Live TV,PM Modi In Madhya Pradesh: मध्य प्रदेश के धार में पीएम मोदी की विशाल जनसभा | NDTV India Live TV,170,in india live madhya modi
Arvind Kejriwal Arrest: केजरीवाल की अंतरिम जमानत पर फैसला सुरक्षित | Breaking News,Supreme Court On Arvind Kejriwal News: सुप्रीम कोर्ट में दिल्ली आबकारी नीति से जुड़े मनी लॉन्ड्रिंग मामले में प्रवर्तन निदेशालय द्वारा गिरफ्तारी को चुनौती देने वाली मुख्यमंत्री अरविंद केजरीवाल की याचिका पर सुनवाई जारी है. जस्टिस संजीव खन्ना और जस्टिस दीपांकर दत्ता की बेंच सुनवाई कर रही है. गिरफ्तारी को चुनौती देने वाली केजरीवाल की याचिका पर सुनवाई करते हुए सुप्रीम कोर्ट ने ईडी से कहा कि वह चुनावों के कारण अरविंद केजरीवाल की अंतरिम जमानत पर विचार कर सकता है.,171,कर जर जस नव पर
Lok Sabha Elections 2024: Adani Group के Chairman Gautam Adani ने Gujarat के Ahmedabad में डाला वोट,"Lok Sabha Elections 2024 Phase 3 Voting: लोकसभा चुनाव 2024 (Lok Sabha Election 2024) के तीसरे चरण के तहत आज 11 राज्यों और केंद्रशासित प्रदेशों की 93 सीटों पर मतदान किए जा रहे हैं. इस दौरान अदाणी समूह के चेयरमैन गौतम अदाणी ने गुजरात के अहमदाबाद में मतदान किया. Disclaimer: New Delhi Television is a subsidiary of AMG Media Networks Limited, an Adani Group Company.",172,2024 adani lok sabha अद
PM Modi ने पत्रकारों को दिया गर्मी को मात देने का मंत्र | Ahmedabad | Lok Sabha Election,Lok Sabha Election: लोकसभा चुनाव के तीसरे चरण में मतदान जारी है. आज अहमदाबाद में प्रधानमंत्री नरेंद्र मोदी मतदान करने पहुंचे. इस दौरान जनसैलाब उन्हें देखने के लिए उमड़ आया. भरी गर्मी के बीच वहां बड़ी संख्या में पत्रकार भी मौजूद थे. पीएम मोदी ने पत्रकारों से गर्मी में अपना ख्याल रखने की बात कही.,173,election lok गर पत रक
हमें जनता का बहुत समर्थन मिल रहा है : Samajwadi Party leader Ram Gopal Yadav,"समाजवादी पार्टी नेता राम गोपाल यादव का कहना है कि उनकी पार्टी के वोट कम नहीं हुए हैं. जो भी वोट प्रतिशत कम हुआ है वह बीजेपी का वोट है. उन्होंने यह भी कहा कि डीएम एसपी चुनाव नहीं जिताते हैं, जनता जिताती है.",174,कम जनत नह शत सम
BJP और RSS संविधान बदलना चाहते हैं : Rahul Gandhi,"कांग्रेस नेता राहुल गांधी ने सोमवार को कहा कि उनकी पार्टी का मकसद संविधान को बचाना है। उन्होंने कहा कि बीजेपी और आरएसएस संविधान बदलना चाहते हैं। राहुल गांधी ने मध्य प्रदेश में अलीराजपुर जिले के जोबट में सोमवार को कहा कि कांग्रेस सरकार आरक्षण पर लगी 50 फीसदी की सीमा हटा देगी। जोबट, रतलाम-झाबुआ लोकसभा सीट में पड़ता है उन्होंने दावा किया कि बीजेपी 150 से ज्यादा सीट नहीं जीतेगी।",175,उन कह बदलन मव हत
Israel Hamas War: इज़राइल की चेतावनी के बाद पूर्वी Rafah छोड़ कर भागने लगे फ़िलिस्तीनी,"Israel Hamas War: इज़राइल पूर्वी राफा (East Rafah) पर हमले की तैयारी कर रहा है. ऐसे में इज़राइल (Israel) की तरफ से लोगों को सुरक्षित स्थानों पर जाने की अपील की गई है. हमास (Hamas) ने केरेम शलोम क्रॉसिंग पर हमला किया, हमले में तीन इजरायली सैनिकों की मौत हो गई. जिसके बाद इज़राइल की तरफ से जवाबी कार्रवाई की तैयारी की जा रही है. आईडीएफ की तरफ से कहा गया कि राफा में ये हमला सीमित तरीके से किया जाएगा. हमास के हमले के बाद इज़राइल ने चेकपोस्ट बंद कर दिया. गाजा युद्ध पर अप्रत्यक्ष बातचीत का एक और दौर रविवार को मिस्र की राजधानी काहिरा में समाप्त हो गया. इसके बाद हमास के प्रतिनिधि अपने नेतृत्व से परामर्श के लिए कतर जाने वाले हैं. हमास प्रतिनिधिमंडल ने मध्यस्थों के प्रस्तावों पर प्रतिक्रिया दी थी और मिस्र व कतर के प्रतिनिधियों के साथ उन पर चर्चा की थी. संगठन के अनुसार, प्रतिनिधिमंडल ने रविवार शाम को काहिरा छोड़ने और कतर में संगठन के नेताओं से परामर्श करने की योजना बनाई है.",176,इज इल पर रत हमल
"Arvind Kejriwal के खिलाफ LG ने की NIA जांच की सिफारिश, 'सिख फॉर जस्टिस' से फंड लेने का आरोप","Arvind Kejriwal News: दिल्ली के उपराज्यपाल विनय कुमार सक्सेना ने प्रतिबंधित आतंकी संगठन से कथित राजनीतिक फंडिंग के मामले में मुख्यमंत्री अरविंद केजरीवाल के खिलाफ एनआईए जांच की सिफारिश की है. एलजी ने प्रतिबंधित संगठन ""सिख फॉर जस्टिस"" से कथित तौर पर राजनीतिक फंड लेने को लेकर इस जांच की सिफारिश की है.",177,arvind गठन जन जस रत
"Maharashtra Politics: Baramati Seat हुई दिलचस्प हो चुकी, चाचा के गढ़ में भतीजे की सेंध कितनी गहरी?",,178,nan
"Lok Sabha Election 2024: Jagannath की नगरी Puri में Candidates का धुआंधार प्रचार, BJP ने लिया प्रण",Puri Lok Sabha Seat: हमारी चुनावी यात्रा पहुंची है ओडिशा (Odisha) के पुरी. ये भगवान जगन्नाथ की नगरी है. ये सीट ओडिशा में BJD का गढ़ मानी जाती है. यहां से BJP के उम्मीदवार है संबित पात्रा. जबकि BJD ने मौजूदा सांसद पिनाकी मिश्रा की जगह अरूप पटनायक को मैदान में उतारा है,179,lok puri sabha ओड नगर
"NDTV Election Carnival पहुंच गया है Hyderabad, देखिए आज रात 8 बजे क्या है चुनावी माहौल | NDTV India","Lok Sabha Elections 2024: 5500 किलोमीटर का फासला तय करके इलेक्शन कार्निवल (NDTV Election Carnival) पहुंच गया Maharashtra के Baramati में, आइये जानते हैं यहां के मुद्दे और समझते हैं जनता के जज्बात, देखें हमारा स्पेशल एपिसोड 8 बजे सिर्फ NDTV पर. NDTV Election Carnival | Lok Sabha Elections 2024 -",180,2024 carnival election elections ndtv
"Radhika Khera: ""मुझे गंदी-गंदी गालियां दी…"" Congress से इस्तीफे के बाद भावुक हुईं राधिका खेड़ा","Radhika Khera on Congress Full Statement: राधिका खेड़ा ने कहा, ""...हम पीढ़ियों से इसका इंतजार कर रहे थे कि कब राम मंदिर बनेगा कब रामलला के दर्शन के लिए जाएंगे। वे पार्टी जिसकी सभा कि शुरुआत रघुपति राघव राजा राम से होती थी मैं कभी नहीं सोच सकती थी कि वे राम की दुश्मन निकलेगी। इसकी ऐसी सजा मुझे मिलेगी? राहुल गांधी और प्रियंका गांधी की चुप्पी आजतक मुझे तकलीफ दे रही है... मैं कोई भी पार्टी ज्वाइन नहीं कर रही, मैं न्याय की लड़ाई लड़ रही हूं....।""",181,congress khera radhika कर रह
PM Modi Speech | Odisha के Brahmapur में पीएम मोदी का जनता को संबोधन | Lok Sabha Election 2024,PM Modi LIVE | Odisha के Brahmapur में पीएम मोदी का जनता को संबोधन | Lok Sabha Election 2024,182,2024 brahmapur election lok modi
"Maharashtra Politics: Uddhav Thackeray-Eknath Shinde, Ajit Pawar-Supriya Sule में विरासत पाने की जंग",Lok Sabha Elections 2024: महाराष्ट्र की सिसायत के दो बड़े दिग्गज दो बड़े धुरंधर बाला साहेब ठाकरे और शरद पवार की विरासत को लेकर...इन दोनों की विरासत का असली वारिस आखिर कौन होगा.कौन इनकी गद्दी संभालने का असल हकदार होगा और किसे विरासत से बेदखल होना होगा...शिवसेना में उद्धव या शिंदे तो वहीं एनसीपी में अजीत या सुप्रिया किसे विरासत मिलेगी,183,असल एनस कर बड सत
Jyotiraditya Scindia Vs Rao Yadvendra Singh Yadav: गुना-शिवपुरी में कौन मारेगा बाज़ी? | Hot Seat,"Lok Sabha Elections 2024: मध्य प्रदेश (Madhya Pradesh) की कुल 29 लोकसभा सीटों में से 2 पर महाराजा और राजा की लड़ाई है, राजगढ़ (Raigarh) में दिग्विजय (Digvijay Singh) हैं जिन्हें उनके समर्थक राजा बुलाते हैं तो गुना-शिवपुरी में ज्योतिरादित्य सिंधिया (Jyotiraditya Scindia) जिनके पोस्टर और बैनर महाराज से भरे रहते हैं. सिंधिया के सामने कांग्रेस (Congress) ने राव यादवेंद्र सिंह यादव (Rao Yadvendra Singh Yadav) को अपना प्रत्याशी बनाया है, इलाके में बहुजन समाज पार्टी का भी असर है. तो देखिये गुना-शिवपुरी का चुनावी सफर.",184,jyotiraditya singh दव मह वप
Lok Sabha Election 2024: जानिए किसके तरफ है आगरा की जनता का रूझान | NDTV Ground Report,Lok Sabha Election 2024: मोहब्बत के शहर आगरा में लोकसभा चुनाव की सरगर्मी परवान पर है । आगरा आरक्षित Seat पर बसपा अध्यक्ष मायावती ने Rally कर Congress और BJP पर निशाना साधा । BJP से केंद्रीय मंत्री SP सिंह बघेल की किस्मत यहाँ दाव पर है । उनके खिलाफ BSP के उम्मीदवार पूजा अमरोही ताल ठोक रही है.,185,2024 lok sabha आगर पर
Lok Sabha Election 2024: Akhilesh Yadav और Dimple Yadav की जनसभा | Mainpuri | UP Election,,186,nan
"Covishield Vaccine Side Effects पर बोले Akhilesh Yadav, 'वैक्सीन लगवाने वालों की ECG भी फ्री में हो'","Covishield Vaccine Side Effects पर बोले Akhilesh Yadav, 'वैक्सीन लगवाने वालों की ECG भी फ्री में हो'",187,akhilesh covishield ecg effects side
Arvind Kejriwal 'जलेबी' तो PM Modi हैं 'सत्तू का पराठा'..Ravi Kishan का सुनिए तर्क | Poll Curry,Poll Curry के Episode में देखिए Gorakhpur में Ravi Kishan के साथ सियासत और स्वाद का तड़का. एक्टर-फूड ब्लॉगर Kunal Vijaykar के साथ देखिए कैसे रवि किशन ने मज़ेदार तर्क देकर अरविंद केजरीवाल को बताया 'जलेबी' और कहा PM मोदी बिलकुल सत्तू जैसे कम्पलीट,188,poll ravi जल तर सत
Anurag Bhadauria: Extreme Summer में बर्फ का गोला बनाते दिखे सपा प्रवक्ता  | NDTV India,Samajwadi Party के प्रवक्ता Anurag Bhadauria का एक वीडियो सोशल मीडिया पर चर्चाओं में है। इस वीडियो को उनके द्वारा सोशल मीडिया अकाउंट एक्स पर साझा किया गया। इसमें वह बर्फ का गोला बनाते हुए नजर आएं।,189,anurag bhadauria बन बर रवक
"Rahul Gandhi का Raebareli जाना, Amethi से रुठना, क्या है Inside Story? | Election Cafe",,190,nan
"Odisha के Sambalpur में गर्मी ने बना दिए Curfew जैसे हालात, क्या करेंगे Voter?",,191,nan
American President Joe Biden ने भारत समेत चार देशों को बताया Xenophobic | NDTV India,Joe Biden calls US allies India and Japan 'xenophobic': ज़ेनोफ़ोबिया- क्या आप इस शब्द का मतलब जानते हैं ? असल में ये शब्द अमेरिकी राष्ट्रपति जो बाइडेन ने रूस और चीन के साथ साथ अपने देश के करीबी सहयोगी जापान और भारत के लिए भी इस्तेमाल किया है.,192,biden india joe रत शब
"Lok Sabha Elections: क्यों Amethi से नहीं लड़ रहीं चुनाव, सुने Priyanka Gandhi का जवाब",,193,nan
"Priyanka Gandhi नहीं लड़ेंगी Lok Sabha, Amethi से Rahul Gandhi के लड़ने पर सामने आई ये बड़ी जानकारी!","Lok Sabha Election 2024: Congress की महासचिव Priyanka Gandhi लोकसभा चुनाव नहीं लड़ेंगी. सूत्रों के मुताबिक, प्रियंका गांधी पार्टी का पूरे देश में प्रचार अभियान संभालने पर फोकस कर रही हैं.",194,gandhi lok priyanka sabha लड
Lok Sabha Election 2024: Amethi में क्यों Smriti के सामने मैदान में नहीं Rahul? जानिए Expert से,Lok Sabha Election 2024: Amethi से चुनाव नहीं लड़ेंगे Rahul Gandhi अब Smriti Irani को टक्कर देने के लिए Congress ने KL Sharma को मैदान में उतारा है। सवाल बड़ा है कि क्या Smriti Irani को करारी टक्कर दे पाएंगे। हमारे Expert से जानिए Amethi Seat का चुनावी समीकरण।,195,amethi smriti कर टक नह
Amethi से Election लड़ने की बात पर Congress Candidate Kishori Lal Sharma का पहला Reaction,Kishori Lal Sharma News: कांग्रेस पार्टी के अमेठी सीट (Amethi Lok Sabha Seat) से प्रत्याशी केएल शर्मा ने पार्टी द्वारा उनका नाम घोषित किए जाने के बाद क्या है. उन्होंने कहा कि उनके पास जानकारी नहीं है जब उन्हें जानकारी दी जाएगी तब वे इस बारे में बात करेंगे.,196,amethi lal sharma उनक नक
"Rahul Gandhi Raebareli से और किशोरी लाल शर्मा Amethi से लड़ेंगे चुनाव, Congress ने जारी की List",,197,nan
"Breaking News: CPI के वरिष्ठ नेता Atul Kumar Anjan का निधन, कुछ दिनों से थे बीमार | Atul Anjan Death",Atul Kumar Anjan Death News: भारतीय कम्युनिस्ट पार्टी (CPI) के नेशनल सेक्रेटरी अतुल कुमार अंजान (Atul Kumar Anjaan) का निधन हो गया है. खबरों अतुल कुमार अंजान (69) पिछले एक महीने से गोमतीनगर के एक अस्पताल में एडवांस स्टेज के कैंसर से जूझ रहे हैं. लखनऊ यूनिवर्सिटी छात्रसंघ के अध्यक्ष के रूप में 1977 के राजनीति की शुरुआत करने वाले अतुल अंजान को सामाजिक न्‍याय और वामपंथी राजनीति का बड़ा चेहरा माना जाता था.,198,anjan atul kumar अत धन
Uttar Pradesh में कितने सीटों पर Mayawati के कारण चुनाव नतीजे चौकाने वाले होंगे? l Election Cafe,,199,nan
Lok Sabha Elections 2024 को लेकर क्यों उत्साहित नहीं है यहां की जनता,,200,nan
Parliament की Security CISF को सौंपना अच्छा कदम नहीं - पूर्व विशेष सचिव सुरक्षा Yashovardhan Azad,सुरक्षा ऑडिट से संसद की सुरक्षा में खामियाँ उजागर हुईं जिसके बाद केंद्र द्वारा सीआईएसएफ (CISF) को सुरक्षा सौंपने का निर्णय लिया गया,201,azad cisf पन रक सक
"Swati Maliwal ने Delhi LG से कहा : ""दिल्ली महिला आयोग पर ना डालें बुरी नजर""",AAP राज्यसभा सांसद और पूर्व दिल्ली महिला आयोग अध्यक्ष स्वाति मालीवाल ने LG को खुली चुनौती देते हुए कहा कि दिल्ली महिला आयोग पर बुरी नजर ना डालें. उन्होंने कहा कि राजनीतिक और व्यक्तिगत कारणों की वजह से दिल्ली महिला आयोग के खिलाफ फैसला लिया गया है. साथ ही उन्होंने कहा कि भाजपा के इशारों पर LG इस तरह के फैसले ले रहे हैं.,202,lg आय कह पर मह
Salman Khan House Firing Case: वकीलों को नही मिल रही उसी लॉकअप में बंद शूटरों के हालाचल की जानकारी,Salman Khan House Firing Case: अभिनेता सलमान खान के घर के बाहर फायरिंग केस में गिरफ्तार आरोपी अनुज थापन की पुलिस लॉकअप में खुदकुशी से दोनो शूटरों के वकील चिंतित हो गए हैं. अनुज थापन के शव के पोस्टमार्टम की जानकारी लेने आए विक्की गुप्ता और सागर पाल के वकील अमित मिश्रा ने एनडीटीवी को बताया कि पुलिस ना तो पोस्टमार्टम की जानकारी दे रही है और ना ही उनके मुक्किलों का हालचाल बता रही है इससे मामले में रहस्य और गहराता जा रहा है.,203,टम नक पन रह वक
PM Modi LIVE: Gujarat के Jamnagar में PM Modi की जनसभा | NDTV India Live TV,देखें,204,gujarat india live modi pm
PM Modi LIVE | Gujarat के Junagadh में पीएम मोदी का जनता को संबोधन | Lok Sabha Election 2024,PM Modi LIVE | Gujarat के Junagadh में पीएम मोदी का जनता को संबोधन | Lok Sabha Election 2024,205,2024 election gujarat junagadh live
Lok Sabha Election 2024: UP के Etah में CM Yogi Adityanath की जनसभा | NDTV India,Lok Sabha Election 2024: UP के Etah में CM Yogi Adityanath की जनसभा | NDTV India,206,2024 adityanath cm election etah
"Dharmendra Pradhan Exclusive: हिंदुत्व की राजनीति में BJP से आगे BJD, क्या बोले धर्मेंद्र प्रधान ?","Dharmendra Pradhan Exclusive: Lok Sabha Election को लेकर प्रचार-प्रसार जोरों पर है. चुनाव प्रचार के बीच NDTV ने मौजूदा चुनाव और भविष्य की योजनाओं को लेकर केंद्रीय मंत्री धर्मेंद्र प्रधान से खास बातचीत की. इस बातचीत के दौरान धर्मेंद्र प्रधान ने ओडिशा के जगन्नाथ मंदिर (Jagannath Temple, Odisha) में और उसके आसपास विकास योजनाओं पर अपनी बात रखी. उन्होंने NDTV से कहा कि विकास का मतलब सिर्फ जगन्नाथ मंदिर में टाइल्स लगाने भर से नहीं होता है.",207,pradhan जगन जन धर रध
Madhya Pradesh शूटिंग रेंज: मिलिए दोनों टीमों के मुख्य शूटर्स से... | Lok Sabha Election,,208,nan
Lok Sabha Elections: देखें आज केद्रीय मंत्री Dharmendra Pradhan से NDTV की Exclusive बातचीत,,209,nan
"Amethi-Raebareli Seat पर Congress का Confusion खत्म, Rahul और Priyanka ही लड़ेंगे चुनाव: सूत्र",Amethi-Raebareli Seat : अमेठी और राय बरेली को लेकर जो असमंजस बना हुआ है वो अब ख़त्म होने वाला है. इस बार चुनाव में Amethi-Raebareli Seat से Rahul Gandhi और Priyanka Gandhi चुनाव लड़ेंगे.,210,amethi raebareli rahul seat लड
"Himanta Biswa Sarma NDTV Exclusive: 'Vote जिहाद चल रहा है... 2047 भी होगा, UCC भी होगा' | Elections",Lok Sabha Elections 2024: असम के मुख्यमंत्री (Assam CM) हिमंता बिस्वा सरमा (Himanta Biswa Sarma NDTV Exclusive) ने एनडीटीवी से ख़ास बात में कई मसलों पर अपनी और पार्टी की राय रखी। हिमंता बिस्वा सरमा ने कहा वोट जेहाद चल रहा है...वहीं ये भी कहा कि नकली OBC बनाकर मुस्लिमों को आरक्षण ना दें. असम के मुख्यमंत्री ने अमित शाह (Amit Shah) के एडिटेड वीडियो के मामले में कहा कि डीप फेक में किसी ज़िम्मेदार पार्टी का शामिल होना ठीक नहीं है।,211,असम कह चल यम रह
Maharashtra Politics: Mumbai में नामांकन जुलूस! किन बड़े चेहरों ने भरा नामांकन? | City Centre,Lok Sabha Elections 2024: नामांकनों के दौर में मुंबई से भी ख़ास तस्वीर आयी. केंद्रीय मंत्री पीयूष गोयल ने उत्तर मुंबई लोकसभा सीट से शक्ति प्रदर्शन के साथ पर्चा भरा तो उत्तर मध्य सीट से वर्षा गायकवाड़ ने नामांकन दाखिल किया. साथ रहीं चार साल से राजनीति से दूर रहीं प्रिया दत्त. चिलचिलाती धूप में निकले नामांकन जुलूस में समर्थकों का जोश देखने लायक़ था.,212,कन तर बई भर रह
"Prajwal Revanna Sex Scandal:  प्रज्वल रेवंन्ना निलंबित, जेडीएस कोर कमेटी का फैसला","Prajwal Revanna Sex Scandal News: कर्नाटक (Karnataka) में प्रज्वल रेवन्ना से जुड़े सेक्स स्कैंडल का मामला गरमाता जा रहा है. सीएम सिद्धारमैया (CM Siddaramaiah) ने इसकी जांच के लिए विशेष जांच दल का गठन किया है, प्रज्वल के चाचा कुमारस्वामी का दावा सेक्स टेप्स उप मुख्यमंत्री डीके शिवाकुमार ने जारी की है, कुमारस्वामी ने मुख्यमंत्री सिद्धारमैय्या (Siddaramaiah) चुनौती दी कि अगर उनमें हिम्मत है तो वो डीके शिवाकुमार (DK Shivakumar) के खिलाफ कारवाई करे. नेहाल किदवई की रिपोर्ट.",213,कर यम रज रम वल
"Israel Hamas War: बंधकों के परिजनों से मिले इजरायल के PM, बंधकों पर समझौता हो ना हो हमले होकर रहेंगे","Israel Hamas War: Israel के प्रधानमंत्री Benjamin Netanyahu ने एक बहुत ही कड़ा बयान दिया है, उन्होंने कहा है कि बंधकों की रिहाई पर समझौता हो ना हो, Israel राफ़ाह पर हमला करेगा.",214,hamas israel धक पर हमल
"Fake Video, Reservation, Rahul Gandhi पर Amit Shah की Press Conference | Hasan Sex Scandal | NDTV",,215,nan
Amethi-Raebareli Seat पर Congress की ओर से अब तक उम्मीदवारों का एलान नहीं | NDTV India,"Lok Sabha Election 2024: अमेठी- रायबरेली (Amethi-Raebareli Seat) पर अभी तक सस्पेंस बना हुआ है, माना जा रहा था कि राहुल और प्रियंका गाँधी इन सीटों पर चुनाव लड़ सकते है लेकिन कांग्रेस ने अभी तक अमेठी- रायबरेली से उम्मीदवारों का एलान नहीं किया है",216,amethi raebareli तक पर यबर
"Amit Shah Fake Video: अमित शाह के भाषण के Fake Video के खिलाफ एक्शन, Delhi Police ने दर्ज किया केस","Lok Sabha Election 2024: केंद्रीय गृह मंत्री अमित शाह (Amit Shah) के किसी भाषण का एक फेक वीडियो सोशल मीडिया (Social Media) पर जमकर वायरल हो रहा है. जिसमें वो कथित तौर पर कहते सुनाई देते हैं कि, “भारतीय जनता पार्टी की सरकार बनेगी तो गैर-संवैधानिक एससी, एसटी और ओबीसी के रिजर्वेशन को हम समाप्त कर देंगे.” फेक वीडियो को लेकर दिल्ली पुलिस को शिकायत मिली थी जिसके आधार पर केस दर्ज किया गया है. दिल्ली पुलिस की तरफ से इस मामले में 153/153A/465/469/171G IPC और 66C IT एक्ट के तहत केस दर्ज किए गए हैं.",217,video अम एक दर पर
Delhi Congress के अध्यक्ष Arvinder Singh Lovely के Resignation पर Anil Chaudhary ने क्या कहा?,Arvinder Singh Lovely Resigns: दिल्ली कांग्रेस के पूर्व अध्यक्ष अनिल चौधरी से लवली के इस्तीफे पर कहा कि इससे पार्टी को झटका लगा है...साथ ही उन्होंने कहा कि कहीं न कही इससे बीजेपी को फायदा पहुंचेगा...,218,arvinder lovely कह पर यक
Israel Hamas War: इजरायल ने Rafah पर हमले से पहले हमास को दिया समझौते का आखिरी मौका | Netanyahu,,219,nan
Arvinder Singh Lovely ने Delhi Congress अध्यक्ष पद से दिया इस्तीफ़ा | Breaking News,"Lok Sabha Election से पहले कांग्रेस पार्टी को दिल्‍ली में बड़ा झटका लगा है. अरविंदर सिंह लवली ने दिल्ली कांग्रेस अध्यक्ष पद से इस्तीफा दे दिया है. उन्‍होंने इसके पीछे का कारण आम आदमी पार्टी से हुए गठबंधन को बताया है. लवली का कहना है आम आदमी पार्टी कांग्रेस पर आरोप लगाकर बनी थी, फिर उससे गठबंधन कैसे हो सकता है?",220,इस पद यक लग लवल
Arvind Kejriwal की पत्नी Sunita Kejriwal ने किया पहला चुनावी Road Show | Lok Sabha Election 2024,"दिल्ली के मुख्यमंत्री अरविंद केजरीवाल की पत्नी सुनीता केजरीवाल ने शनिवार शाम को पूर्वी दिल्ली से आम आदमी पार्टी के लोकसभा प्रत्याशी के समर्थन में पहला रोड शो किया. उन्होंने कहा कि अरविंद केजरीवाल “शेर” हैं और कोई उन्हें तोड़ या झुका नहीं सकता. एक वाहन में सवार, सुनीता केजरीवाल ने पूर्वी दिल्ली निर्वाचन क्षेत्र के कोंडली क्षेत्र में मतदाताओं का हाथ जोड़कर अभिवादन करती नजर आईं. उन्होंने कहा कि दिल्ली के मुख्यमंत्री को जेल में डाल दिया गया क्योंकि उन्होंने स्कूल बनवाए, मुफ्त बिजली मुहैया कराई और मोहल्ला क्लीनिक खोले.",221,उन कर कह जर पत
Kolhapur में PM Modi की जनसभा  | Lok Sabha Elections 2024 | NDTV India,,222,nan
"Lok Sabha Elections 2024: Vote दें और Selfie लें, Whatsapp पर हमें भेजें मतदान की तस्वीर",,223,nan
Manipur के Ukhrul Outer में 94 साल की महिला Vote डालने पहुंचीं | Lok Sabha Elections Second Phase,,224,nan
Manish Kashyap NDTV Exclusive: मनीष कश्यप ने की Nitish Kumar की तारीफ़,Manish Kashyap NDTV Exclusive: बिहार (Bihar) के मशहूर यूट्यूबर मनीष कश्यप 25 अप्रैल को बीजेपी में शामिल हो गए. बीजेपी में शामिल होने के बाद मनीष कश्यप ने NDTV से खास बातचीत की. इस दौरान उन्होंने बिहार के मुख्यमंत्री नीतीश कुमार (Bihar CM Nitish Kumar) की तारीफ़ करते हुए कहा कि वो ईमानदार नेता हैं.,225,bihar ndtv कश मन यप
Bihar के Araria में PM Modi की जनसभा  | Lok Sabha Elections 2024 | NDTV India,,226,nan
West Bengal के Malda Uttar में PM Modi  | Lok Sabha Elections 2024 | NDTV India,,227,nan
Akhilesh Yadav की Last Minute Entry से दिलचस्प हुआ मुक़ाबला! | Lok Sabha Elections 2024 | NDTV India,Kannauj Lok Sabha Seat: कन्नौज की खोई हुई सीट पुनः हासिल करने के लिए सपा अध्यक्ष अखिलेश यादव को आखिरकार खुद ही मैदान में उतरना पड़ा। सपा नेता अखिलेश यादव ने आज यूपी की कन्नौज सीट से परचा भर दिया है। हालांकि पहले माना जा रहा था कि वो चुनाव नहीं लड़ेंगे। सपा ने यहां से तेज प्रताप यादव को अपना उम्मीदवार बनाया था। तेज प्रताप अखिलेश के भतीजे हैं।,228,lok sabha अख दव सप
Russia On Space Nukes: अंतरिक्ष में परमाणु हथियार तैनाती के ख़िलाफ़ UNSC के प्रस्ताव पर रूस का Veto,"US-Russia face off at UNSC: अंतरिक्ष में परमाणु हथियार तैनाती के ख़िलाफ़ UNSC के प्रस्ताव पर रूस का वीटो (Russia vetos UN resolution), अमेरिका (America) जता रहा है रूस पर शक, यूक्रेन-रूस जंग (Russia Ukraine War) के मद्देनज़र परमाणु हथियार के इस्तेमाल की बढ़ गई है आशंका.",229,russia unsc पर परम हथ
Lok Sabha Election 2024: विरासत टैक्स और Muslim आरक्षण पर Yogi का Congress पर पलटवार,,230,nan
Lok Sabha Elections 2024: Madhya Pradesh के बैतूल में पीएम मोदी ने जनता को संबोधित,Lok Sabha Elections 2024: Madhya Pradesh के बैतूल में पीएम मोदी ने जनता को संबोधित,231,2024 elections lok madhya pradesh
Iran-Israel Tension के बीच क्या गुल खिलाएगी Pakistan-Iran की दोस्ती? | 5 Ki Baat,"Iran-Israel Tension: खाड़ी क्षेत्र और पश्चिमी एशिया में फैले युद्ध और तनाव के बीच इरान एक नई कूटनीति की जमीन तलाश रहा है. वो पाकिस्तान जहां इरान की मिसाइलें चल रही थीं आज राष्ट्रपति रईसी के तीन दिन के पाकिस्तान दौरे के बाद एक साझा बयान जारी कर यूएन से अपील कर रहा है कि इजरायल के खिलाफ कार्यवाई की जाए. मध्य पूर्व में इरान इजरायल के बाच तनाव चरम पर है , इस बाच ईरान के राष्ट्रपति इब्राहिम रईसी ने तीन दिन का पाक दौरा किया है और अब श्रीलंका पहुंचे हैं. तो दक्षिण एशिया की राजनीति में नई हलचलें है.",232,iran israel इर रपत रह
Inheritance Tax: 'Congress और उसका Agenda साफ़ हो चुका है' : Sudhanshu Trivedi | Sam Pitroda | BJP,Inheritance Tax: हमारे सहयोगी विकास भदौरिया के साथ बातचीत में बीजेपी प्रवक्ता सुधांशु त्रिवेदी ने कहा कि कांग्रेस की नज़र ग़रीबों के खातों में पड़े पैसों पर है,233,agenda inheritance tax भद रवक
"'Congress की लूट, ज़िन्दगी के साथ भी, ज़िन्दगी के बाद भी': PM Modi का कांग्रेस पर प्रहार | Elections",,234,nan
Lok Sabha Election 2024: PM Modi की गारंटियों का असर दिख रहा है: Chirag Paswan | Bihar Politics,"Bihar Politics: चिराग पासवान (Chirag Paswan) की पार्टी 5 सीटों पर चुनाव लड़ रही है...चिराग अपने उम्मीदवारों के समर्थन में धुआंधार प्रचार कर रहे हैं... समस्तीपुर में प्रचार के लिए पहुंचे चिराग पासवान ने कहा कि पहले दौर में कम मतदान होना NDA के पक्ष में है... हमारे नेशनल एडिटर मनीष कुमार के साथ ख़ास बातचीत में चिराग़ ने ये भी कहा कि चाचा पशुपति पारस उनके लिए हाजीपुर (Hajipur) में प्रचार करें या ना करें, उससे कोई फ़र्क़ नहीं पड़ता ।",235,bihar chirag कर रच रह
"Opposition पर बोले CM Mohan Yadav: 'योग्यता है तो सिर्फ़ BJP CM बना सकती है, कोई और पार्टी नहीं'",CM Mohan Yadav NDTV Exclusive: NDTV के साथ बातचीत में सीएम डॉ. मोहन यादव ने विपक्ष से बीजेपी में महापलायन पर बोले...योग्यता है तो सिर्फ़ बीजेपी मुख्यमंत्री बना सकती है...कोई और पार्टी ये नहीं कर सकती... देखिये पूरा इंटरव्यू:,236,cm mohan ndtv yadav सकत
"Arvind Kejriwal In Tihar Jail: जेल प्रशासन पर Insulin न देने का आरोप, Sanjay Beniwal ने क्या कहा","Arvind Kejriwal News: जेल के महानिदेशक संजय बेनीवाल(Sanjay Beniwal) ने दिल्ली के मुख्यमंत्री अरविंद केजरीवाल की ओर से लगाए गए आरोपों को खंडन करते हुए कहा कि तिहाड़ में लगभग 1,000 मधुमेह रोगी हैं और उन्हें एम्स और राम मनोहर लोहिया अस्पताल सहित वरिष्ठ डॉक्टरों की सलाह के अनुसार भोजन और दवा दी जाती है.",237,arvind beniwal kejriwal sanjay कह
Lok Sabha Elections 2024: Heat Wave का कितना असर देखने को मिलेगा इस Lok Sabha Elections पर?,"Heat Wave During Elections: बढ़ते हीट वेव और गर्मी को देखते हुए इस बार के चुनाव पर भी इसका असर देखने को मिल सकता है, ख़ास कर के बड़े चुनावी छेत्र जैसे उत्तर प्रदेश मे। इस पर हमारे संवाददाता हिमांशु शेखर ने बात की Ghaziabad Chief Development Officer Abhinav गोपाल से, देखिये ये रिपोर्ट",238,elections lok असर इस पर
PM Modi ने विकसित भारत और देश की विरासत को एक साथ साधा : Yogi Adityanath | NDTV India,Lok Sabha Elections 2024: यूपी के सीएम योगी आदित्यनाथ (Yogi Adityanath) ने कहा कि जनता का बीजेपी 9BJP) को समर्थन मिल रहा है. उन्होंने कहा कि पीएम नरेंद्र मोदी (PM Modi) के नेतृत्व में विकास तेजी से हुआ जिससे जनता की अपेक्षा पर सरकार खरी उतरी है. Watch Live Feed: Source For LIVE (PTI),239,adityanath modi yogi कह जनत
Ranchi I.N.D.I.A Rally में क्यों भीड़े RJD और Congress के कार्यकर्ता | Bihar Politics | NDTV India,"Ranchi I.N.D.I.A Rally: रांची (Ranchi) में इंडिया गठबंधन (INDIA Alliance) की रैली में जमकर बवाल हुआ. कांग्रेस (Congress) और आरजेडी (RJD) के कार्यकर्ता आपस में भिड़ गए, जमकर हाथापाई हुई. एक दूसरे के ऊपर कुर्सियां फेकी गईं और लाठियां चलीं, इस दौरान एक कार्यकर्ता को काफ़ी चोट आई.",240,congress india ranchi जमकर यकर
Lok Sabha Election: Chhattisgarh के Surguja में Voters किस पर करेंगे भरोसा? | NDTV Election Carnival,"Surguja Lok Sabha Seat: बीजेपी (BJP)का गढ़ रही है सरगुजा लोकसभा सीट (Surguja Lok Sabha), क्या इस बार बाज़ी पलट पाएगी कांग्रेस? जहां पिछले चुनाव में 11 में 9 सीटें बीजेपी के नाम रहीं वहीँ देखने वाली बात ये होगी की क्या इस बार कांग्रेस सीट छीन पाती है या नहीं, इस बार कांग्रेस की शशि सिंह का मुक़ाबला BJP के चिंतामणि महाराज से है, इस पर सरगुजा के लोगों के क्या हैं मुद्दे? और सरगुजा संभाग में किस ओर बह रही है हवा? इसका पता लगाने NDTV इलेक्शन कार्निवाल पहुंचा है छत्तीसगढ़, देखें पूरा वीडियो",241,lok sabha surguja इस सरग
Elections In Maldives: ये चुनाव Mohamed Muizzu के लिए कैसे एक इम्तिहान साबित होने जा रहा है? | NDTV,Maldives Elections News: भारत के पड़ोसी देश मालदीव में आज संसदीय चुनाव हो रहे हैं...20वें संसदीय चुनाव के शुरुआती नतीजे कल आधी रात तक घोषित किए जाएंगे....मालदीव संसद में 93 सीट हैं...और फिलहाल विपक्षी दल मालदीवियन डेमोक्रेटिक पार्टी के पास 41 सीटें हैं और उसका दबदबा है...1192 द्वीपों के देश मालदीव में क़रीब 200 द्वीपों पर लोग रहते हैं। यहां 2 लाख 85 हज़ार मतदाता हैं। यहां संसद की 93 सीटों के लिए मतदान हो रहा है। मैदान में कुल 368 उम्मीदवार हैं…,242,93 elections रह लद सद
CM Yogi LIVE: CM योगी की Chhattisgarh के  राजनांदगांव लोक सभा क्षेत्र में विशाल जनसभा,CM Yogi In Chhattisgarh: Lok Sabha Elections से पहले CM योगी ने छत्तीसगढ़ के कोरबा में विशाल जनसभा को सम्बोधित किया.,243,chhattisgarh cm yogi जनसभ सगढ
Maharashtra Politics: पवार बनाम पवार की लड़ाई में एक और पवार | Sharad Pawar | Lok Sabha Elections,Lok Sabha Elections 2024: महाराष्ट्र (Maharashtra) के बारामती लोकसभा सीट (Baramati Lok Sabha Seat) पर पवार बनाम पवार की लड़ाई में एक और पवार शामिल हो गए हैं. ये हैं 36 साल के ऑटो ड्राइवर शरद पवार (Sharad Pawar). ये इंडियन गिग वर्कर्स फ्रंट के समर्थन से चुनाव लड़ रहे हैं.,244,lok sabha पव बन लड
Lok Sabha Election 2024: NDTV Election Carnival में BJP ने कहा- 'रांची में मोदी सरकार में बदलाव',"Lok Sabha Election 2024: भाजपा सांसद ने अपनी उपलब्धियां गिनाई और कहा कि झीरी में एक लाख लोग दमा, कैंसर और अस्थमा से पीड़ित होते थे और पूरे शहर का कूड़ा वहां डंप होता था. 50 करोड़ की लागत से हमने वहां पर डंपिग यार्ड बनाया है. गेल इंडिया के स्‍वच्‍छता मिशन से पैसा लेकर वो तैयार हुआ है. अभी 150 मीट्रिक टन क्षमता का तैयार हुआ है और 150 मीट्रिक टन क्षमता का और तैयार हो रहा है. रोजाना इससे 10 हजार लीटर सीएनजी गैस और 18 टन ऑर्गेनिक खाद बनेगी.",245,election कर टन बन वह
PM Modi In Karnataka | PM Modi Live | Lok Sabha Election 2024 |,,246,nan
Rahul Gandhi Live in Amroha | Akhilesh Yadav Live | Rahul Gandhi Live | Election 2024 | NDTV India,,247,nan
Madhavi Latha 'Bow-Arrow' Gesture पर क्यों भड़क गए Asaduddin Owaisi? | Lok Sabha Election 2024,"Madhavi Latha 'Bow-Arrow' Gesture पर क्यों भड़क गए Asaduddin Owaisi? | Lok Sabha Election 2024 हैदराबाद में लोकसभा चुनाव (Lok Sabha Election 2024)से पहले दावेदार माधवी लता (Madhavi Latha) और असदुद्दीन ओवैसी (Asaduddin Owaisi) के बीच आरोपों का दौर जारी है। माधवी लता के 'धनुष और तीर' वाले इशारे वाले वीडियो ने आग में घी डालने का काम किया है। औवेसी और माधवी एक-दूसरे के आमने-सामने हैं. ओवैसी ने आरोप लगाया है कि ये इशारा एक मस्जिद के सामने था. हालाँकि, माधवी ने कड़ा खंडन किया और पूछा कि मस्जिद कहाँ से आई।",248,2024 asaduddin election latha धव
Lok Sabha Election: मतदान के महापर्व में भागीदारी और वोटिंग का संदेश,Lok Sabha Election: लोकसभा चुनाव 2024 के पहले चरण के मतदान 19 अप्रैल को हुए. (First Phase of Voting) पहले चरण में 21 राज्यों और केंद्र शासित (21 States and Union Territories) प्रदेशों की 102 लोकसभा सीटों पर वोटिंग की गई. इस दौरान लौकतंत्र (Democracy) के अलग-अलग रंग देखने को मिले. सुबह से ही लोगों ने वोट डालने के लिए मतदान केंद्र (Polling Booth) के बाहर लाइन लगा दी. इन लाइनों में कोई नई-नवेली दुल्हन थी तो कुछ ऐसे लोग थे जो चलने-फिरने में सक्षम नहीं थे मगर लोकतंत्र के पर्व का हिस्सा बनने वो वहां समय पर पहुंचे थे.,249,इन कत कसभ पर मतद
"NDTV Election Carnival पहुंचा Jamshedpur, क्या है Jharkhand का चुनावी माहौल? | Lok Sabha Elections",,250,nan
"Violence In Manipur During Voting: Manipur में Voting के दौरान मतदान केंद्र पर गोलीबारी, 3 लोगा घायल",Lok Sabha Elections 2024: मणिपुर की आज दो लोकसभा सीटें Manipur और Outer Manipur में मतदान हुआ. मतदान के दौरान विष्णुपुर जिले के थमनपोकपी में एक मतदान केंद्र पर गोलीबारी भी हुई और इसमें तीन लोग जो है यहाँ पर घायल हो गए । इसके साथ ही मणिपुर में booth लूटने और EVM की की भी तीन से चार घटनाएँ जो है वो सामने आई है.,251,manipur voting पर मण मतद
PM Modi Live | Maharashtra के Wardha से पीएम मोदी LIVE | Lok Sabha Elections 2024,,252,nan
"Iran Israel War: इजरायल ने ईरान हवाई अड्डे पर हमला किया, ईरान ने साधी चुप्पी | NDTV India","Iran Vs Israel War Updates: इजरायल ने ईरान के इस्फहान शहर पर हमला (Israel-Iran War) किया है, जिसके बाद ईरान ने अपनी वायु रक्षा प्रणाली सक्रिय कर दी और उड़ानें निलंबित कर दी. इसके बाद से मिडिल ईस्ट में तनाव और बढ़ गया. ये हमला ईरान द्वारा इजरायल पर मिसाइलें और ड्रोन से किए गए हमले का जवाब माना जा रहा है. इजरायली मिसाइलों ने ईरान के कुछ इलाकों को निशाना बनाया है. इस हमले को लेकर ईरान की मीडिया ने कहा है कि इससे ज्यादा नुकसान नहीं हुआ है. रिपोर्टों से संकेत मिलता है कि कोई बड़ी क्षति या बड़ा विस्फोट नहीं हुआ.",253,iran इजर ईर यल हमल
Amit Shah: नक्सल समस्या पर Congress का रवैया विनाश काले विपरित बुद्धि वाला | NDTV Exclusive,Lok Sabha elections 2024: केंद्रीय गृह मंत्री अमित शाह (Amit Shah NDTV Exclusive) ने शुक्रवार को गांधीनगर लोकसभा सीट (Gandhinagar Lok Sabha Seat) से अपना नामांकन पत्र दाखिल किया. नामांकन दाखिल करने के बाद NDTV से एक खास बातचीत में अमित शाह ने कहा नक्सल समस्या पर कांग्रेस का रवैया विनाश काले विपरित बुद्धि वाला.,254,ndtv अम नक पर रव
Nitin Gadkari NDTV Exclusive: Maharashtra में BJP की शानदार जीत होगी: Nitin Gadkari | Election 2024,"Lok Sabha Elections 2024 | Nitin Gadkari NDTV Exclusive: सड़क परिवहन और राजमार्ग मंत्री Nitin Gadkari ने नागपुर लोक सभा सीट (Nagpur Lok Sabha Seat) से चुनाव लड़ रहे हैं, जिस पर उन्होंने NDTV से एक्सक्लूसिव बातचीत की और कहा की इस बार महाराष्ट्र में बीजेपी की शानदार जीत होगी देखिए पूरा वीडियो",255,2024 gadkari ndtv nitin नद
Lok Sabha Elections 2024: Madhya Pradesh के Damoh में पीएम मोदी की जनसभा | NDTV India,,256,nan
लोकसभा चुनाव पहले चरण का मतदान LIVE | Lok Sabha Elections First Phase Voting Updates | NDTV India,,257,nan
Iran Vs Israel War Updates: इजराइल ने ईरान पर दागी मिसाइलें- रिपोर्ट | और देश-दुनिया की बड़ी खबरें,,258,nan
